"date","f(sum(witness_count)/sum(transaction_count))"
"2017-08-01",0
"2017-08-02",0
"2017-08-03",0
"2017-08-04",0
"2017-08-05",0
"2017-08-06",0
"2017-08-07",0
"2017-08-08",0
"2017-08-09",0
"2017-08-10",0
"2017-08-11",0
"2017-08-12",0
"2017-08-13",0
"2017-08-14",0
"2017-08-15",0
"2017-08-16",0
"2017-08-17",0
"2017-08-18",0
"2017-08-19",0
"2017-08-20",0
"2017-08-21",0
"2017-08-22",0
"2017-08-23",0
"2017-08-24",0.0008341306641152081
"2017-08-25",0.0012922193025858798
"2017-08-26",0.0017307989491577808
"2017-08-27",0.0036465552462665767
"2017-08-28",0.005206215282588003
"2017-08-29",0.005378562586263322
"2017-08-30",0.005989700367633516
"2017-08-31",0.006693407047491487
"2017-09-01",0.00825254697359608
"2017-09-02",0.010113550468517087
"2017-09-03",0.011306320376467697
"2017-09-04",0.012399732620320856
"2017-09-05",0.013042007857584872
"2017-09-06",0.012174857453163181
"2017-09-07",0.013562217697582438
"2017-09-08",0.014787754751545684
"2017-09-09",0.015434393501308
"2017-09-10",0.02010453322293521
"2017-09-11",0.02544064506966689
"2017-09-12",0.026960152987550248
"2017-09-13",0.028843232568737658
"2017-09-14",0.0301416058611994
"2017-09-15",0.028050630137736707
"2017-09-16",0.028739534822590326
"2017-09-17",0.03348289938942651
"2017-09-18",0.03298747960624003
"2017-09-19",0.04186386820162804
"2017-09-20",0.04111605570945559
"2017-09-21",0.03974817536835425
"2017-09-22",0.04060804428530633
"2017-09-23",0.04829761455109118
"2017-09-24",0.04924518423765497
"2017-09-25",0.04230305865323936
"2017-09-26",0.04985814419225634
"2017-09-27",0.051003833912878306
"2017-09-28",0.049917384120358295
"2017-09-29",0.056426319967929316
"2017-09-30",0.06320823028239875
"2017-10-01",0.07019292620290396
"2017-10-02",0.06576226601853546
"2017-10-03",0.07074348177448854
"2017-10-04",0.06970441445543024
"2017-10-05",0.07348404167718843
"2017-10-06",0.07838941977236437
"2017-10-07",0.08624462646934168
"2017-10-08",0.09170040061245464
"2017-10-09",0.08566203956274879
"2017-10-10",0.09805312420612271
"2017-10-11",0.1017886267818737
"2017-10-12",0.10127778308387114
"2017-10-13",0.10677201850112485
"2017-10-14",0.12509381183052468
"2017-10-15",0.13379051973203798
"2017-10-16",0.13539439192946223
"2017-10-17",0.12755129500834236
"2017-10-18",0.13800333152294292
"2017-10-19",0.14546829698726838
"2017-10-20",0.17016795290788678
"2017-10-21",0.1592310180396276
"2017-10-22",0.15995517602747544
"2017-10-23",0.11541746811095363
"2017-10-24",0.0916479465468579
"2017-10-25",0.08102658402422205
"2017-10-26",0.07975487817264612
"2017-10-27",0.08249152789713489
"2017-10-28",0.08177102952681754
"2017-10-29",0.08651448244891849
"2017-10-30",0.07853782464399497
"2017-10-31",0.08564325220242491
"2017-11-01",0.09304211032375707
"2017-11-02",0.11302471051968818
"2017-11-03",0.11260527813600962
"2017-11-04",0.09926526837594052
"2017-11-05",0.10300006356066865
"2017-11-06",0.1158363127193031
"2017-11-07",0.10757785219702297
"2017-11-08",0.10042276983932091
"2017-11-09",0.10221196023218404
"2017-11-10",0.12594895950247476
"2017-11-11",0.12221913951313748
"2017-11-12",0.1166342234602024
"2017-11-13",0.10021370906469144
"2017-11-14",0.10984025441644148
"2017-11-15",0.1044507563986227
"2017-11-16",0.09965978943027616
"2017-11-17",0.1082490533792973
"2017-11-18",0.09564963783899526
"2017-11-19",0.10589567876762757
"2017-11-20",0.09742596756731033
"2017-11-21",0.10802202155266498
"2017-11-22",0.12354142029849408
"2017-11-23",0.11643153032165743
"2017-11-24",0.1165748115197802
"2017-11-25",0.10510886901561975
"2017-11-26",0.10148114669813181
"2017-11-27",0.10741293479865843
"2017-11-28",0.11700188809679297
"2017-11-29",0.12169358687733929
"2017-11-30",0.11273823708459725
"2017-12-01",0.11072926656785531
"2017-12-02",0.1168976019904766
"2017-12-03",0.12148910617373472
"2017-12-04",0.12466619747133666
"2017-12-05",0.12960520964533692
"2017-12-06",0.11650476682139017
"2017-12-07",0.11522016873067906
"2017-12-08",0.10950110622916083
"2017-12-09",0.10082325439577193
"2017-12-10",0.11241286392126999
"2017-12-11",0.12062192415585543
"2017-12-12",0.11404992801164683
"2017-12-13",0.10008738067591662
"2017-12-14",0.08452360571004638
"2017-12-15",0.10397460042003964
"2017-12-16",0.09994453931942607
"2017-12-17",0.09557041157408588
"2017-12-18",0.0984326766250929
"2017-12-19",0.10513916254206042
"2017-12-20",0.11205664948133424
"2017-12-21",0.10839031602291628
"2017-12-22",0.10073611315441038
"2017-12-23",0.10120015184402893
"2017-12-24",0.11117868654815526
"2017-12-25",0.1514812646881525
"2017-12-26",0.11489249919172324
"2017-12-27",0.09911195480461055
"2017-12-28",0.10379507823230717
"2017-12-29",0.09034435199421181
"2017-12-30",0.09037853469877209
"2017-12-31",0.09808829909579853
"2018-01-01",0.10073751742452132
"2018-01-02",0.10246055487125344
"2018-01-03",0.0962337390109682
"2018-01-04",0.0979746263599744
"2018-01-05",0.10994523018205056
"2018-01-06",0.10045228189172545
"2018-01-07",0.08225711391222396
"2018-01-08",0.10177277881922747
"2018-01-09",0.09961000929871067
"2018-01-10",0.10434579856243505
"2018-01-11",0.1127414863933199
"2018-01-12",0.11257918431409139
"2018-01-13",0.11128379776845354
"2018-01-14",0.11813057074177286
"2018-01-15",0.1210022549274001
"2018-01-16",0.11988476417812166
"2018-01-17",0.11702467927707104
"2018-01-18",0.10587246966833067
"2018-01-19",0.1138047525028836
"2018-01-20",0.1127961730760439
"2018-01-21",0.11591581564033354
"2018-01-22",0.11417890390206954
"2018-01-23",0.10358687338197223
"2018-01-24",0.11629522847342297
"2018-01-25",0.12811311184377377
"2018-01-26",0.12621394454297624
"2018-01-27",0.13420946595170938
"2018-01-28",0.17245579678232434
"2018-01-29",0.15850906209082766
"2018-01-30",0.13959316847626252
"2018-01-31",0.13871918384930193
"2018-02-01",0.14062111897665178
"2018-02-02",0.13336837375698335
"2018-02-03",0.1271633887660282
"2018-02-04",0.13580175833539643
"2018-02-05",0.14729413069702305
"2018-02-06",0.1389521546780272
"2018-02-07",0.13372231762267275
"2018-02-08",0.14344822810449595
"2018-02-09",0.14558641628246935
"2018-02-10",0.14222452044470604
"2018-02-11",0.14327346339872832
"2018-02-12",0.14252773943654437
"2018-02-13",0.15393149127792594
"2018-02-14",0.13419408706985647
"2018-02-15",0.13361892796052133
"2018-02-16",0.12817863192321213
"2018-02-17",0.13195311555967293
"2018-02-18",0.12530173359666447
"2018-02-19",0.1351091707718008
"2018-02-20",0.1405104431735154
"2018-02-21",0.13435119711892243
"2018-02-22",0.13918192485060168
"2018-02-23",0.14409831905093606
"2018-02-24",0.14586434053347483
"2018-02-25",0.15153690575623494
"2018-02-26",0.1454143741218615
"2018-02-27",0.24764142352384075
"2018-02-28",0.28129244330763176
"2018-03-01",0.2924481484016702
"2018-03-02",0.3007694555371579
"2018-03-03",0.28711926066522053
"2018-03-04",0.29815703577959324
"2018-03-05",0.2896573635560321
"2018-03-06",0.2796190587138863
"2018-03-07",0.29261886736019593
"2018-03-08",0.30912015965625034
"2018-03-09",0.31460793218286404
"2018-03-10",0.3121911565148373
"2018-03-11",0.30723602237480446
"2018-03-12",0.28115014278586364
"2018-03-13",0.27314673192617517
"2018-03-14",0.3104448236513437
"2018-03-15",0.31216474445403664
"2018-03-16",0.30056316484738926
"2018-03-17",0.31577516570008285
"2018-03-18",0.3401195856472892
"2018-03-19",0.2908921933085502
"2018-03-20",0.3075247991474012
"2018-03-21",0.29773256828469663
"2018-03-22",0.2930821277951476
"2018-03-23",0.31154278214639247
"2018-03-24",0.325068274268399
"2018-03-25",0.31579608794003283
"2018-03-26",0.30954484961405376
"2018-03-27",0.3053537540427124
"2018-03-28",0.3106280383729249
"2018-03-29",0.31502876654661116
"2018-03-30",0.3235774981176724
"2018-03-31",0.3315098541889555
"2018-04-01",0.3337477521479475
"2018-04-02",0.3195423896110074
"2018-04-03",0.32340299317812776
"2018-04-04",0.33042377901028486
"2018-04-05",0.3317897839764178
"2018-04-06",0.33181983816205773
"2018-04-07",0.32930243987609853
"2018-04-08",0.33263796152596814
"2018-04-09",0.3286985381988299
"2018-04-10",0.3322372126706542
"2018-04-11",0.3407840740417358
"2018-04-12",0.32860550363004376
"2018-04-13",0.32111725775720035
"2018-04-14",0.327446970211872
"2018-04-15",0.327366963357103
"2018-04-16",0.32830204073307295
"2018-04-17",0.3298434248340105
"2018-04-18",0.33086579655275483
"2018-04-19",0.33820244189150583
"2018-04-20",0.32425629400751765
"2018-04-21",0.3485861580100528
"2018-04-22",0.34622098097399195
"2018-04-23",0.318312547216074
"2018-04-24",0.33394631679456804
"2018-04-25",0.35141563650864394
"2018-04-26",0.33560341804625066
"2018-04-27",0.33439908298163595
"2018-04-28",0.31615123649235816
"2018-04-29",0.3421221473688868
"2018-04-30",0.33811544952047123
"2018-05-01",0.3558929580564016
"2018-05-02",0.34148547311301203
"2018-05-03",0.3305910616529772
"2018-05-04",0.3299554021792221
"2018-05-05",0.33540204141033925
"2018-05-06",0.3335390455342016
"2018-05-07",0.3314005939638062
"2018-05-08",0.3265690280519719
"2018-05-09",0.34107048635146847
"2018-05-10",0.3341580486310843
"2018-05-11",0.3633159195596
"2018-05-12",0.3635789381172619
"2018-05-13",0.38143128833583134
"2018-05-14",0.3566574629107713
"2018-05-15",0.35564463937349555
"2018-05-16",0.36196351390894305
"2018-05-17",0.3646870767011101
"2018-05-18",0.36691946892612626
"2018-05-19",0.375872894952503
"2018-05-20",0.3855593301525876
"2018-05-21",0.36374088932972115
"2018-05-22",0.367070429877494
"2018-05-23",0.3813778024695783
"2018-05-24",0.3748821467424151
"2018-05-25",0.3727629077229701
"2018-05-26",0.370631616734789
"2018-05-27",0.37864508260339286
"2018-05-28",0.36268333835811345
"2018-05-29",0.36635428214231647
"2018-05-30",0.35212689328047747
"2018-05-31",0.36427460076553747
"2018-06-01",0.3539597335033409
"2018-06-02",0.36531860146592776
"2018-06-03",0.3670515103124637
"2018-06-04",0.35277920692086356
"2018-06-05",0.35966951775707956
"2018-06-06",0.35276164269415794
"2018-06-07",0.3507684453370708
"2018-06-08",0.35317573198788293
"2018-06-09",0.379315377161337
"2018-06-10",0.3949579831932773
"2018-06-11",0.3717940299067525
"2018-06-12",0.36075863836529276
"2018-06-13",0.3575006255045343
"2018-06-14",0.37928095643934884
"2018-06-15",0.35027518568354377
"2018-06-16",0.38067760387202215
"2018-06-17",0.37111132580671874
"2018-06-18",0.3665775196760144
"2018-06-19",0.34969891295847344
"2018-06-20",0.35903443629361104
"2018-06-21",0.3515569397263178
"2018-06-22",0.3611274394545027
"2018-06-23",0.37075844330812335
"2018-06-24",0.37901051752287657
"2018-06-25",0.3613274517542326
"2018-06-26",0.3558371374178625
"2018-06-27",0.35924884621505493
"2018-06-28",0.36319980386304523
"2018-06-29",0.37614525901930956
"2018-06-30",0.37390992185126887
"2018-07-01",0.37014470677837014
"2018-07-02",0.36339779421357393
"2018-07-03",0.35756896289221995
"2018-07-04",0.35963885718707084
"2018-07-05",0.362374749498998
"2018-07-06",0.35986327882065544
"2018-07-07",0.36429830747531733
"2018-07-08",0.3708706683367055
"2018-07-09",0.35197486274243994
"2018-07-10",0.36665231899955103
"2018-07-11",0.36276856709920385
"2018-07-12",0.39405016336256665
"2018-07-13",0.3788094505156226
"2018-07-14",0.3860546819662842
"2018-07-15",0.37975563291571257
"2018-07-16",0.3629872691756238
"2018-07-17",0.3654719061744014
"2018-07-18",0.3468582604944528
"2018-07-19",0.3469087580374957
"2018-07-20",0.37515796194724405
"2018-07-21",0.3876343998744609
"2018-07-22",0.38959725720850363
"2018-07-23",0.3752527453372843
"2018-07-24",0.36722214082465165
"2018-07-25",0.3697883361043612
"2018-07-26",0.3693170291653538
"2018-07-27",0.3713867225813764
"2018-07-28",0.38120889512213263
"2018-07-29",0.383962661884601
"2018-07-30",0.36165578285496525
"2018-07-31",0.3611329467398149
"2018-08-01",0.36150661290054925
"2018-08-02",0.3726992569139025
"2018-08-03",0.36615925415145806
"2018-08-04",0.3796730617718111
"2018-08-05",0.3873656210615573
"2018-08-06",0.3660495775524114
"2018-08-07",0.3712930978995473
"2018-08-08",0.378707327749234
"2018-08-09",0.37867815730054066
"2018-08-10",0.3857296991350797
"2018-08-11",0.39360729169914466
"2018-08-12",0.3866665858801289
"2018-08-13",0.3833568076173677
"2018-08-14",0.3902843850707934
"2018-08-15",0.3769476481919485
"2018-08-16",0.38021391525168396
"2018-08-17",0.3975551126205121
"2018-08-18",0.3920863120957394
"2018-08-19",0.4053225806451613
"2018-08-20",0.39079369066391295
"2018-08-21",0.3905462927673721
"2018-08-22",0.3966604872076515
"2018-08-23",0.39738304685487136
"2018-08-24",0.4006722826680252
"2018-08-25",0.405992261480501
"2018-08-26",0.40939640051636206
"2018-08-27",0.387483456737132
"2018-08-28",0.39061246266368116
"2018-08-29",0.38066507233440555
"2018-08-30",0.3841074199082938
"2018-08-31",0.38688859268757697
"2018-09-01",0.3884620613037955
"2018-09-02",0.3928504635443106
"2018-09-03",0.3762455304467983
"2018-09-04",0.3862699933265882
"2018-09-05",0.39346470461746935
"2018-09-06",0.38750341907785985
"2018-09-07",0.402266129381689
"2018-09-08",0.40642671258340346
"2018-09-09",0.40998454306767174
"2018-09-10",0.3926843933125735
"2018-09-11",0.39115464429581054
"2018-09-12",0.39784803343693065
"2018-09-13",0.3998608080816706
"2018-09-14",0.41068309070548714
"2018-09-15",0.41461877756773785
"2018-09-16",0.4183683134335842
"2018-09-17",0.4011043006096139
"2018-09-18",0.4037108151593186
"2018-09-19",0.3827563267566136
"2018-09-20",0.3949281361117024
"2018-09-21",0.4072096421547623
"2018-09-22",0.405046622062012
"2018-09-23",0.4087330707521503
"2018-09-24",0.3995203433331931
"2018-09-25",0.4006655745637869
"2018-09-26",0.399553964915733
"2018-09-27",0.40590543898731735
"2018-09-28",0.39974590837755025
"2018-09-29",0.40404600185949374
"2018-09-30",0.398453484462802
"2018-10-01",0.39823737748126187
"2018-10-02",0.4049809618747242
"2018-10-03",0.4080552036087048
"2018-10-04",0.39793220018342057
"2018-10-05",0.4163305668950919
"2018-10-06",0.4043045386631168
"2018-10-07",0.5164086997283042
"2018-10-08",0.3917779721900815
"2018-10-09",0.3939506999855848
"2018-10-10",0.39325562881463183
"2018-10-11",0.40038557228146776
"2018-10-12",0.40770394861292736
"2018-10-13",0.4105033228179837
"2018-10-14",0.41484060880795154
"2018-10-15",0.381026054056079
"2018-10-16",0.3898638197909035
"2018-10-17",0.38746821732818154
"2018-10-18",0.39060958768987963
"2018-10-19",0.3884747819372326
"2018-10-20",0.3940154770631329
"2018-10-21",0.3885250939694097
"2018-10-22",0.3876329683069355
"2018-10-23",0.3897610302095375
"2018-10-24",0.38372472854213646
"2018-10-25",0.3842552405940322
"2018-10-26",0.403162820847266
"2018-10-27",0.3896701162357914
"2018-10-28",0.37991449103975256
"2018-10-29",0.3754643119286461
"2018-10-30",0.3743766037123183
"2018-10-31",0.3658696489213724
"2018-11-01",0.37951911924835335
"2018-11-02",0.40341778725265115
"2018-11-03",0.3848792293760318
"2018-11-04",0.3836293961908887
"2018-11-05",0.3826712973744697
"2018-11-06",0.3846334397146971
"2018-11-07",0.38800751700518155
"2018-11-08",0.394600806204678
"2018-11-09",0.4090864260151605
"2018-11-10",0.39351839017184226
"2018-11-11",0.38041467097991427
"2018-11-12",0.375549155683553
"2018-11-13",0.39023499068634476
"2018-11-14",0.4096223804888046
"2018-11-15",0.414455021010205
"2018-11-16",0.42079089021064975
"2018-11-17",0.38267421539773616
"2018-11-18",0.3702080457709036
"2018-11-19",0.39958055162685513
"2018-11-20",0.4407106950944705
"2018-11-21",0.43192569290269944
"2018-11-22",0.3885410873453682
"2018-11-23",0.36940576398400066
"2018-11-24",0.35865561141842356
"2018-11-25",0.3795014545089778
"2018-11-26",0.3945351705036139
"2018-11-27",0.3687293554237282
"2018-11-28",0.39104599616436636
"2018-11-29",0.4195251516899109
"2018-11-30",0.41392005820344824
"2018-12-01",0.37298788076759276
"2018-12-02",0.3731121420199126
"2018-12-03",0.4021574722005219
"2018-12-04",0.3852155343111674
"2018-12-05",0.38195952452427084
"2018-12-06",0.4022005764265843
"2018-12-07",0.425503170664461
"2018-12-08",0.3779553793962891
"2018-12-09",0.3570204008064753
"2018-12-10",0.3782228191660248
"2018-12-11",0.38986110614067526
"2018-12-12",0.3815961105182023
"2018-12-13",0.38216316099276515
"2018-12-14",0.3890304966261906
"2018-12-15",0.36335728605175766
"2018-12-16",0.37568060480541215
"2018-12-17",0.36461048848314886
"2018-12-18",0.3943811151383125
"2018-12-19",0.38506640387311836
"2018-12-20",0.395728105321419
"2018-12-21",0.4021982408370992
"2018-12-22",0.36750843895293295
"2018-12-23",0.3436920463111044
"2018-12-24",0.3565849054525022
"2018-12-25",0.31795270362042166
"2018-12-26",0.3309183981799115
"2018-12-27",0.34261715885607624
"2018-12-28",0.37018234193085864
"2018-12-29",0.3696694090120009
"2018-12-30",0.3468328606817392
"2018-12-31",0.3671269697016374
"2019-01-01",0.334254979231015
"2019-01-02",0.3742822860844473
"2019-01-03",0.38672444126783406
"2019-01-04",0.3840409976860724
"2019-01-05",0.352235361549368
"2019-01-06",0.36382203448836076
"2019-01-07",0.3759928647175734
"2019-01-08",0.3541962301113888
"2019-01-09",0.3484309964394965
"2019-01-10",0.3605386481251795
"2019-01-11",0.37535184776827984
"2019-01-12",0.35188737557814864
"2019-01-13",0.3278086044253187
"2019-01-14",0.33111100907602126
"2019-01-15",0.36388898997283964
"2019-01-16",0.37919607984246095
"2019-01-17",0.37064325317244984
"2019-01-18",0.37069272629222294
"2019-01-19",0.34132564106198704
"2019-01-20",0.3178622185653377
"2019-01-21",0.33249154510440926
"2019-01-22",0.38031347115254693
"2019-01-23",0.3651897483423852
"2019-01-24",0.3727648582165597
"2019-01-25",0.39181958583124366
"2019-01-26",0.3468928317463621
"2019-01-27",0.3492450777333174
"2019-01-28",0.39020716608994294
"2019-01-29",0.35199072853367347
"2019-01-30",0.35771165910926145
"2019-01-31",0.34216898105637883
"2019-02-01",0.3607993139644193
"2019-02-02",0.31116783425249667
"2019-02-03",0.32401197983815894
"2019-02-04",0.3370386056166639
"2019-02-05",0.3704475681293759
"2019-02-06",0.35622547168731905
"2019-02-07",0.35450337916305524
"2019-02-08",0.38387019804342637
"2019-02-09",0.352373171390708
"2019-02-10",0.32537740855581776
"2019-02-11",0.3744682872753187
"2019-02-12",0.45216203378097236
"2019-02-13",0.4176253576482131
"2019-02-14",0.34489665230772704
"2019-02-15",0.3909897583316764
"2019-02-16",0.329243655479516
"2019-02-17",0.2999819826972818
"2019-02-18",0.35157461789156313
"2019-02-19",0.36085538217676216
"2019-02-20",0.3949605497582082
"2019-02-21",0.39031569750835865
"2019-02-22",0.37477519654245145
"2019-02-23",0.3383906239051423
"2019-02-24",0.3314692647123072
"2019-02-25",0.35273026491679393
"2019-02-26",0.34913576744287556
"2019-02-27",0.36668214534478755
"2019-02-28",0.34766615827549363
"2019-03-01",0.35684861549226626
"2019-03-02",0.33197961079484556
"2019-03-03",0.29139936044423964
"2019-03-04",0.39758307362552103
"2019-03-05",0.43922986462081226
"2019-03-06",0.44582762008615756
"2019-03-07",0.45426744017301246
"2019-03-08",0.4635425430478434
"2019-03-09",0.45716349606667445
"2019-03-10",0.4675188019372689
"2019-03-11",0.44072253266427136
"2019-03-12",0.4422428610937046
"2019-03-13",0.44228677738261346
"2019-03-14",0.4388205208566027
"2019-03-15",0.45288412971007175
"2019-03-16",0.4545367888449557
"2019-03-17",0.45501781864578295
"2019-03-18",0.4395739352669766
"2019-03-19",0.43838763027327854
"2019-03-20",0.44459929171038826
"2019-03-21",0.46476362765702733
"2019-03-22",0.4647365035977007
"2019-03-23",0.46605955329069493
"2019-03-24",0.47722469336681905
"2019-03-25",0.41660381574904326
"2019-03-26",0.3573270744920377
"2019-03-27",0.37413423246152
"2019-03-28",0.35707318807817157
"2019-03-29",0.37394981842370684
"2019-03-30",0.3470960842600117
"2019-03-31",0.3064388500518797
"2019-04-01",0.35405688200724306
"2019-04-02",0.39900923271574346
"2019-04-03",0.4164885496183206
"2019-04-04",0.415428861444764
"2019-04-05",0.40431424216590456
"2019-04-06",0.33774046149695885
"2019-04-07",0.31129592078281726
"2019-04-08",0.3812688464812294
"2019-04-09",0.3918588960068888
"2019-04-10",0.35529796898368476
"2019-04-11",0.3448518130495876
"2019-04-12",0.3602863308092269
"2019-04-13",0.31082391657313474
"2019-04-14",0.3311782333916862
"2019-04-15",0.3663378535309183
"2019-04-16",0.3912534133667302
"2019-04-17",0.39859780975488757
"2019-04-18",0.3639527809473577
"2019-04-19",0.35636294348959485
"2019-04-20",0.3386130565282641
"2019-04-21",0.253959844907674
"2019-04-22",0.3588420357061407
"2019-04-23",0.4325988843732057
"2019-04-24",0.3804451876055892
"2019-04-25",0.35808627687853595
"2019-04-26",0.36702438819650113
"2019-04-27",0.31005437204741954
"2019-04-28",0.28121453412681224
"2019-04-29",0.37093723413920987
"2019-04-30",0.42039793815623144
"2019-05-01",0.30596133764381217
"2019-05-02",0.3079779783760378
"2019-05-03",0.38099427724054385
"2019-05-04",0.34324688825826755
"2019-05-05",0.3280390164846462
"2019-05-06",0.3650931631067756
"2019-05-07",0.4315502980817899
"2019-05-08",0.4049241759332046
"2019-05-09",0.4069154158680639
"2019-05-10",0.42407334586314843
"2019-05-11",0.40795519441553585
"2019-05-12",0.372604269119328
"2019-05-13",0.4092201378999457
"2019-05-14",0.43323080273293957
"2019-05-15",0.43100994575780494
"2019-05-16",0.42024251990337597
"2019-05-17",0.4263329038252031
"2019-05-18",0.416801036407713
"2019-05-19",0.3330373437045024
"2019-05-20",0.3870491794686332
"2019-05-21",0.4128000546090856
"2019-05-22",0.3785538647765057
"2019-05-23",0.38489455313181437
"2019-05-24",0.41225038916021634
"2019-05-25",0.3498484033593579
"2019-05-26",0.29672095211617017
"2019-05-27",0.39165982621926804
"2019-05-28",0.41315277888055896
"2019-05-29",0.4000394910589774
"2019-05-30",0.41941603825151114
"2019-05-31",0.4897607668304364
"2019-06-01",0.394956819194681
"2019-06-02",0.37221888153938665
"2019-06-03",0.4427755612923414
"2019-06-04",0.4196652284243642
"2019-06-05",0.3825627165181205
"2019-06-06",0.37337528735947506
"2019-06-07",0.3888877778126973
"2019-06-08",0.37178167538022006
"2019-06-09",0.31891185941638395
"2019-06-10",0.40331251113455063
"2019-06-11",0.40496227041348337
"2019-06-12",0.4093568853816552
"2019-06-13",0.40192879274809057
"2019-06-14",0.4211804612180041
"2019-06-15",0.3801615934540752
"2019-06-16",0.40032649854023994
"2019-06-17",0.4286328300194349
"2019-06-18",0.3888532910549256
"2019-06-19",0.3733617267449979
"2019-06-20",0.4390962820695359
"2019-06-21",0.45804329352965734
"2019-06-22",0.4256245145802443
"2019-06-23",0.3414367199174928
"2019-06-24",0.37747912922115046
"2019-06-25",0.4472045048909058
"2019-06-26",0.4559811222549196
"2019-06-27",0.45259659326963025
"2019-06-28",0.427454101509725
"2019-06-29",0.3642936845705699
"2019-06-30",0.3606979690443291
"2019-07-01",0.45241374806300505
"2019-07-02",0.4392636492425196
"2019-07-03",0.4018749654135036
"2019-07-04",0.39605723164573353
"2019-07-05",0.36757800836563587
"2019-07-06",0.3383447002070702
"2019-07-07",0.33847155675720536
"2019-07-08",0.38394737258751443
"2019-07-09",0.4252409816514765
"2019-07-10",0.47728597496071773
"2019-07-11",0.4525379401797554
"2019-07-12",0.39548460926741275
"2019-07-13",0.3705856277397429
"2019-07-14",0.36099799859538984
"2019-07-15",0.41133335815829347
"2019-07-16",0.395566650244814
"2019-07-17",0.44497556110953795
"2019-07-18",0.4460213146684825
"2019-07-19",0.44238406621072324
"2019-07-20",0.3610008606757853
"2019-07-21",0.3434319243204407
"2019-07-22",0.3937927169465152
"2019-07-23",0.40133353311357506
"2019-07-24",0.41705543846354226
"2019-07-25",0.3958595811443649
"2019-07-26",0.39198465639588
"2019-07-27",0.3644061826328322
"2019-07-28",0.33947921780096274
"2019-07-29",0.36122343151918807
"2019-07-30",0.4072965359725923
"2019-07-31",0.39588528160692094
"2019-08-01",0.4111798727760364
"2019-08-02",0.37967879252537506
"2019-08-03",0.343712223890985
"2019-08-04",0.33598500694432826
"2019-08-05",0.4148158850726552
"2019-08-06",0.4028092999011804
"2019-08-07",0.342164789746272
"2019-08-08",0.4033600947108849
"2019-08-09",0.39883034078417
"2019-08-10",0.36481465650461303
"2019-08-11",0.3584199355971897
"2019-08-12",0.37088748882150036
"2019-08-13",0.37747844217215515
"2019-08-14",0.3947810676200079
"2019-08-15",0.39995051231006284
"2019-08-16",0.4037976052529934
"2019-08-17",0.3846858348134991
"2019-08-18",0.3693665985200731
"2019-08-19",0.3796134631270936
"2019-08-20",0.39069138084151406
"2019-08-21",0.431012149944302
"2019-08-22",0.41695068738699903
"2019-08-23",0.3849479748398095
"2019-08-24",0.3574278854838233
"2019-08-25",0.33276803699114677
"2019-08-26",0.38372315920796685
"2019-08-27",0.38967863453421026
"2019-08-28",0.36571512309495896
"2019-08-29",0.38069240397538173
"2019-08-30",0.36961053837342495
"2019-08-31",0.33012755884802525
"2019-09-01",0.36025403898160213
"2019-09-02",0.367525546374615
"2019-09-03",0.38840248117399784
"2019-09-04",0.41993773499496523
"2019-09-05",0.4260293408246077
"2019-09-06",0.43873433443401516
"2019-09-07",0.4534219171895722
"2019-09-08",0.49231387799949394
"2019-09-09",0.44516051658187417
"2019-09-10",0.46949902606382665
"2019-09-11",0.471815913632655
"2019-09-12",0.46917539033191613
"2019-09-13",0.4798482140544461
"2019-09-14",0.4975224579351371
"2019-09-15",0.5328656992989137
"2019-09-16",0.47567951954995236
"2019-09-17",0.4822443553688718
"2019-09-18",0.5106818838883764
"2019-09-19",0.50330530756118
"2019-09-20",0.516004798653092
"2019-09-21",0.5934204926595102
"2019-09-22",0.608713795797473
"2019-09-23",0.47035040898979347
"2019-09-24",0.467589303153741
"2019-09-25",0.4793082327094123
"2019-09-26",0.535892066615136
"2019-09-27",0.5120449617147577
"2019-09-28",0.585406111953898
"2019-09-29",0.5877033851412402
"2019-09-30",0.47656039255481764
"2019-10-01",0.4966433798673957
"2019-10-02",0.5446859200690845
"2019-10-03",0.5611244847081596
"2019-10-04",0.576427397975221
"2019-10-05",0.6170293526140019
"2019-10-06",0.5915537096605706
"2019-10-07",0.527130226913988
"2019-10-08",0.5247863857721329
"2019-10-09",0.49718533092856754
"2019-10-10",0.5266716514803738
"2019-10-11",0.5431859303756242
"2019-10-12",0.5826320133380622
"2019-10-13",0.6016165331482323
"2019-10-14",0.5273462389889183
"2019-10-15",0.5291258706262622
"2019-10-16",0.5212853019295483
"2019-10-17",0.5408808608072313
"2019-10-18",0.565437991690975
"2019-10-19",0.584617504987924
"2019-10-20",0.5909260307250618
"2019-10-21",0.533157471339517
"2019-10-22",0.5210593210411639
"2019-10-23",0.5502748196496049
"2019-10-24",0.5189061456080937
"2019-10-25",0.5036092733370258
"2019-10-26",0.5048246446117715
"2019-10-27",0.5351351984171893
"2019-10-28",0.48366175620375246
"2019-10-29",0.4864865742499667
"2019-10-30",0.4836788546073217
"2019-10-31",0.48768972595045934
"2019-11-01",0.48366947407704936
"2019-11-02",0.5429769760549565
"2019-11-03",0.5383551824762965
"2019-11-04",0.4842449168593378
"2019-11-05",0.5023870399802908
"2019-11-06",0.493520772295979
"2019-11-07",0.5097184170706377
"2019-11-08",0.5178187842962231
"2019-11-09",0.5364136097438292
"2019-11-10",0.5844443999572924
"2019-11-11",0.5296611336763523
"2019-11-12",0.523471872905482
"2019-11-13",0.4740786028939159
"2019-11-14",0.5499610025626888
"2019-11-15",0.5117624444478617
"2019-11-16",0.5228032793825053
"2019-11-17",0.5658054998676098
"2019-11-18",0.5066218970627332
"2019-11-19",0.47769740255776333
"2019-11-20",0.5173847505029805
"2019-11-21",0.5192836019928755
"2019-11-22",0.5127182093070436
"2019-11-23",0.5892847818708717
"2019-11-24",0.5824743424792795
"2019-11-25",0.5228539735928722
"2019-11-26",0.46322554542342287
"2019-11-27",0.5098883175848639
"2019-11-28",0.5141575399760354
"2019-11-29",0.5031835266150535
"2019-11-30",0.5257516452940625
"2019-12-01",0.5637005181686761
"2019-12-02",0.5202014425062752
"2019-12-03",0.5138449743248383
"2019-12-04",0.5135405177832332
"2019-12-05",0.5076926040556333
"2019-12-06",0.5278832922196927
"2019-12-07",0.5732603300570659
"2019-12-08",0.5920933251569823
"2019-12-09",0.5112473655178571
"2019-12-10",0.5214332133573285
"2019-12-11",0.5092876174256991
"2019-12-12",0.5325807020638561
"2019-12-13",0.5458703946879413
"2019-12-14",0.585329953389484
"2019-12-15",0.5837663841239594
"2019-12-16",0.5299295290215081
"2019-12-17",0.5301327469663654
"2019-12-18",0.5120684552695474
"2019-12-19",0.5308350675157641
"2019-12-20",0.5557375915733023
"2019-12-21",0.5994735116579561
"2019-12-22",0.6152417547230228
"2019-12-23",0.5291082353327101
"2019-12-24",0.5254479472241733
"2019-12-25",0.5626568464764209
"2019-12-26",0.5632855169338958
"2019-12-27",0.5527833298158931
"2019-12-28",0.5695420853071036
"2019-12-29",0.5818844333303563
"2019-12-30",0.5557308696228317
"2019-12-31",0.5385333637760822
"2020-01-01",0.6211492243827835
"2020-01-02",0.5375261784975995
"2020-01-03",0.5774002660204666
"2020-01-04",0.6056125202374528
"2020-01-05",0.597500165057214
"2020-01-06",0.5183020999779372
"2020-01-07",0.5325027101334286
"2020-01-08",0.5130982740024967
"2020-01-09",0.5307072971554725
"2020-01-10",0.5424842925130166
"2020-01-11",0.5894684052156469
"2020-01-12",0.5903028933092225
"2020-01-13",0.5294190269447216
"2020-01-14",0.5021170014382351
"2020-01-15",0.5259455657161409
"2020-01-16",0.5575231556050524
"2020-01-17",0.5458684165041112
"2020-01-18",0.5637922691018218
"2020-01-19",0.5841597408085646
"2020-01-20",0.5589888446443773
"2020-01-21",0.5442340027283399
"2020-01-22",0.5528476563213284
"2020-01-23",0.5729484296097819
"2020-01-24",0.5756976236671159
"2020-01-25",0.6146772928455375
"2020-01-26",0.6150156748211463
"2020-01-27",0.5433211574273027
"2020-01-28",0.5215819933421947
"2020-01-29",0.5505106265525808
"2020-01-30",0.5457093198780363
"2020-01-31",0.5539359036461604
"2020-02-01",0.5880437502469347
"2020-02-02",0.588069265914693
"2020-02-03",0.5471916425990598
"2020-02-04",0.5335133736537404
"2020-02-05",0.5446983754923983
"2020-02-06",0.5391666930906555
"2020-02-07",0.5386638721196162
"2020-02-08",0.5836953414812651
"2020-02-09",0.601548553947078
"2020-02-10",0.5536289348683681
"2020-02-11",0.5152564533908852
"2020-02-12",0.5352697938278949
"2020-02-13",0.5268333132400811
"2020-02-14",0.5813210336177234
"2020-02-15",0.5616337331627009
"2020-02-16",0.6116973952558891
"2020-02-17",0.563519975636254
"2020-02-18",0.5373297085032472
"2020-02-19",0.5411926345186003
"2020-02-20",0.5438024672642171
"2020-02-21",0.5691051866557947
"2020-02-22",0.5913288706060795
"2020-02-23",0.6005973828607846
"2020-02-24",0.5333242117425279
"2020-02-25",0.5486396906091878
"2020-02-26",0.537402225070992
"2020-02-27",0.5380939308875055
"2020-02-28",0.5668547708836377
"2020-02-29",0.5784110013104541
"2020-03-01",0.6079735613153504
"2020-03-02",0.5421517351620817
"2020-03-03",0.5410079340040429
"2020-03-04",0.5387308533916849
"2020-03-05",0.5361586592242704
"2020-03-06",0.5372876296977094
"2020-03-07",0.5844940506587682
"2020-03-08",0.6062128750487291
"2020-03-09",0.5656541579674392
"2020-03-10",0.5501398249306941
"2020-03-11",0.5520153604274206
"2020-03-12",0.5219585231071667
"2020-03-13",0.4976047514794182
"2020-03-14",0.48736009262832886
"2020-03-15",0.5200465887201541
"2020-03-16",0.48606688634203526
"2020-03-17",0.45696772849105005
"2020-03-18",0.4941492903906527
"2020-03-19",0.49584288397336734
"2020-03-20",0.4590644918726326
"2020-03-21",0.4898453004522237
"2020-03-22",0.5240397028027195
"2020-03-23",0.48211811435785323
"2020-03-24",0.48817643484545054
"2020-03-25",0.4859700425344676
"2020-03-26",0.4769181908833855
"2020-03-27",0.5012439160212044
"2020-03-28",0.5221400757188511
"2020-03-29",0.5470363370844429
"2020-03-30",0.5039591370815091
"2020-03-31",0.4970281882802082
"2020-04-01",0.4860123112948147
"2020-04-02",0.5165520566900079