date,ETH,ETH Price,TVL ETH (USD),TVL (USD)
2018-01-01T00:00:00Z,2703332.72,692.99,"$38,125,101","$48,518,175"
2018-01-02T00:00:00Z,2733609.5,741.13,"$41,107,428","$50,815,621"
2018-01-03T00:00:00Z,2710006.22,756.2,"$41,801,496","$56,942,145"
2018-01-04T00:00:00Z,2699732.78,861.97,"$48,606,911","$63,044,139"
2018-01-05T00:00:00Z,2722293.04,941.1,"$59,381,405","$71,301,491"
2018-01-06T00:00:00Z,2704003.09,944.83,"$60,687,914","$73,542,908"
2018-01-07T00:00:00Z,2699324.85,967.13,"$63,126,181","$78,593,372"
2018-01-08T00:00:00Z,2707918.29,1006.41,"$65,560,436","$87,758,898"
2018-01-09T00:00:00Z,2709296.43,1117.75,"$73,515,423","$89,677,700"
2018-01-10T00:00:00Z,2709503.25,1136.11,"$74,572,511","$103,410,300"
2018-01-11T00:00:00Z,2678204.33,1289.24,"$82,445,016","$95,293,222"
2018-01-12T00:00:00Z,2669443.7,1248.99,"$79,145,074","$88,712,830"
2018-01-13T00:00:00Z,2693180.98,1139.32,"$70,134,933","$98,858,837"
2018-01-14T00:00:00Z,2781973.85,1261.03,"$78,438,664","$103,374,935"
2018-01-15T00:00:00Z,2839346.73,1385.02,"$84,530,208","$99,806,389"
2018-01-16T00:00:00Z,2837658.38,1359.48,"$79,814,228","$88,219,997"
2018-01-17T00:00:00Z,2833842.71,1278.69,"$71,983,483","$71,399,412"
2018-01-18T00:00:00Z,2829569.26,1050.26,"$63,328,147","$74,326,033"
2018-01-19T00:00:00Z,2840066.38,1024.69,"$62,423,541","$75,238,286"
2018-01-20T00:00:00Z,2847249.26,1012.97,"$61,680,837","$78,054,938"
2018-01-21T00:00:00Z,2815367.62,1037.36,"$64,823,008","$85,638,433"
2018-01-22T00:00:00Z,2817445.24,1150.5,"$71,450,284","$77,716,764"
2018-01-23T00:00:00Z,2795481.01,1049.09,"$65,476,151","$75,026,171"
2018-01-24T00:00:00Z,2774083.48,999.64,"$62,887,412","$75,850,735"
2018-01-25T00:00:00Z,2754243.77,984.47,"$61,984,102","$80,973,666"
2018-01-26T00:00:00Z,2707097.33,1061.78,"$65,927,587","$79,242,602"
2018-01-27T00:00:00Z,2701425.62,1046.37,"$64,517,720","$78,831,535"
2018-01-28T00:00:00Z,2692602.07,1048.58,"$64,596,271","$82,983,347"
2018-01-29T00:00:00Z,2729076.78,1109.08,"$67,241,480","$89,232,298"
2018-01-30T00:00:00Z,2735314.97,1231.58,"$74,368,084","$83,475,721"
2018-01-31T00:00:00Z,2737326.23,1169.96,"$70,310,653","$77,008,937"
2018-02-01T00:00:00Z,2739795.37,1063.75,"$63,109,447","$78,328,314"
2018-02-02T00:00:00Z,2769261.49,1111.31,"$66,308,901","$72,945,655"
2018-02-03T00:00:00Z,2787406.68,1026.19,"$63,951,627","$68,896,116"
2018-02-04T00:00:00Z,2860846.94,917.47,"$57,744,351","$71,789,512"
2018-02-05T00:00:00Z,2894820.37,970.87,"$62,508,708","$61,988,724"
2018-02-06T00:00:00Z,2972598.39,827.59,"$56,982,791","$57,176,760"
2018-02-07T00:00:00Z,3034863.03,695.08,"$49,996,416","$65,971,481"
2018-02-08T00:00:00Z,3033906.04,785.01,"$56,794,013","$65,300,967"
2018-02-09T00:00:00Z,2924604.05,751.81,"$54,543,958","$70,451,708"
2018-02-10T00:00:00Z,2931705.51,813.55,"$65,420,802","$82,222,365"
2018-02-11T00:00:00Z,3026874.22,877.88,"$70,972,604","$79,665,163"
2018-02-12T00:00:00Z,2921356.32,850.75,"$69,357,309","$77,833,965"
2018-02-13T00:00:00Z,2909594.47,811.24,"$66,405,924","$82,064,851"
2018-02-14T00:00:00Z,2890568.26,865.27,"$71,813,862","$82,113,672"
2018-02-15T00:00:00Z,2907068.01,840.98,"$70,647,156","$90,268,949"
2018-02-16T00:00:00Z,2903223.8,920.11,"$83,200,680","$96,519,516"
2018-02-17T00:00:00Z,2901493.77,927.95,"$84,037,602","$98,604,963"
2018-02-18T00:00:00Z,2894873.29,938.02,"$84,973,196","$102,220,287"
2018-02-19T00:00:00Z,2892842.98,974.77,"$88,223,352","$97,714,894"
2018-02-20T00:00:00Z,2906624.96,913.9,"$82,600,978","$99,891,414"
2018-02-21T00:00:00Z,2903296.95,939.79,"$84,549,410","$93,045,466"
2018-02-22T00:00:00Z,2899653.78,885.52,"$79,579,371","$88,301,085"
2018-02-23T00:00:00Z,2875543.12,840.1,"$75,512,338","$85,610,279"
2018-02-24T00:00:00Z,2858570.53,804.63,"$72,970,133","$90,910,790"
2018-02-25T00:00:00Z,2844606.21,854.7,"$77,372,119","$89,373,648"
2018-02-26T00:00:00Z,2845198.71,833.49,"$76,771,322","$92,536,272"
2018-02-27T00:00:00Z,2830119.24,840.28,"$80,001,521","$98,691,300"
2018-02-28T00:00:00Z,2845621.76,867.62,"$83,246,143","$99,825,253"
2018-03-01T00:00:00Z,2843998.66,871.58,"$83,568,206","$98,820,460"
2018-03-02T00:00:00Z,2857189.22,851.5,"$82,240,126","$103,545,997"
2018-03-03T00:00:00Z,3074876.07,869.87,"$84,819,354","$103,379,499"
2018-03-04T00:00:00Z,3098095.06,855.6,"$83,381,463","$102,696,576"
2018-03-05T00:00:00Z,3116052.63,855.65,"$83,695,225","$104,005,391"
2018-03-06T00:00:00Z,3097380.57,864.83,"$84,266,692","$100,856,136"
2018-03-07T00:00:00Z,3132296.44,849.42,"$82,731,945","$96,154,942"
2018-03-08T00:00:00Z,3145837.93,815.69,"$80,299,835","$89,827,949"
2018-03-09T00:00:00Z,3146208.53,751.13,"$73,079,180","$83,526,322"
2018-03-10T00:00:00Z,3172772.68,698.83,"$67,407,947","$85,325,813"
2018-03-11T00:00:00Z,3165716.05,726.92,"$70,341,671","$82,163,637"
2018-03-12T00:00:00Z,3167792.48,682.3,"$66,673,483","$85,584,130"
2018-03-13T00:00:00Z,3166661.29,720.36,"$70,613,808","$83,466,548"
2018-03-14T00:00:00Z,3166416.3,697.02,"$68,102,255","$81,671,089"
2018-03-15T00:00:00Z,3178710.51,689.96,"$70,126,299","$76,177,207"
2018-03-16T00:00:00Z,3190909.52,613.15,"$64,571,446","$77,954,914"
2018-03-17T00:00:00Z,3191336.97,610.56,"$65,923,433","$77,939,406"
2018-03-18T00:00:00Z,3181291.16,600.53,"$65,356,022","$72,706,836"
2018-03-19T00:00:00Z,3181007.69,549.79,"$58,004,522","$69,588,405"
2018-03-20T00:00:00Z,3235369.97,537.38,"$59,248,273","$74,687,687"
2018-03-21T00:00:00Z,3233098.28,555.55,"$61,860,943","$75,110,273"
2018-03-22T00:00:00Z,3227498.33,557.57,"$62,913,645","$76,202,390"
2018-03-23T00:00:00Z,3233760.78,559.91,"$63,583,279","$74,375,836"
2018-03-24T00:00:00Z,3234765.28,539.89,"$61,895,975","$74,822,899"
2018-03-25T00:00:00Z,3212044.96,543.83,"$62,318,845","$72,123,558"
2018-03-26T00:00:00Z,3206764.61,520.16,"$59,678,903","$72,197,504"
2018-03-27T00:00:00Z,3197720.28,523.01,"$60,625,771","$67,563,427"
2018-03-28T00:00:00Z,3193546.51,486.25,"$57,958,836","$64,699,277"
2018-03-29T00:00:00Z,3195490.2,448.78,"$54,794,032","$64,534,583"
2018-03-30T00:00:00Z,3196826.54,445.93,"$58,833,962","$60,454,750"
2018-03-31T00:00:00Z,3188168.52,383.9,"$55,851,135","$67,573,072"
2018-04-01T00:00:00Z,3174179.39,393.82,"$56,363,290","$66,446,158"
2018-04-02T00:00:00Z,3168432.91,394.07,"$57,627,977","$65,404,640"
2018-04-03T00:00:00Z,3155475.27,378.85,"$56,943,258","$68,179,506"
2018-04-04T00:00:00Z,3148171.31,384.68,"$57,925,353","$72,630,318"
2018-04-05T00:00:00Z,3138918.96,415.93,"$63,801,362","$69,024,749"
2018-04-06T00:00:00Z,3124857,378.65,"$58,762,432","$70,107,146"
2018-04-07T00:00:00Z,3112737,381.36,"$59,412,971","$68,881,346"
2018-04-08T00:00:00Z,3114880.57,370.35,"$57,623,890","$71,698,905"
2018-04-09T00:00:00Z,3108418.58,384.98,"$60,396,825","$74,549,899"
2018-04-10T00:00:00Z,3104259.06,400.72,"$63,544,599","$75,411,934"
2018-04-11T00:00:00Z,3103847.4,399.02,"$64,220,194","$79,684,901"
2018-04-12T00:00:00Z,3078277.52,415.65,"$68,837,717","$85,994,827"
2018-04-13T00:00:00Z,3076636.33,430.42,"$74,185,689","$101,142,114"
2018-04-14T00:00:00Z,3080603.5,493.95,"$86,458,953","$102,124,287"
2018-04-15T00:00:00Z,3043069.39,494.96,"$86,891,401","$104,559,325"
2018-04-16T00:00:00Z,3026058.19,502.79,"$88,116,069","$109,596,066"
2018-04-17T00:00:00Z,3019161.73,534.15,"$94,599,562","$106,490,164"
2018-04-18T00:00:00Z,3014722.7,511.67,"$91,341,476","$106,473,264"
2018-04-19T00:00:00Z,3007088.83,503.03,"$91,695,301","$113,028,841"
2018-04-20T00:00:00Z,2987574.39,525.78,"$96,146,828","$123,097,085"
2018-04-21T00:00:00Z,2979417.27,567.25,"$104,298,278","$133,184,099"
2018-04-22T00:00:00Z,2958086.57,617.16,"$113,992,118","$130,767,036"
2018-04-23T00:00:00Z,2946887.49,605.17,"$111,537,509","$134,757,182"
2018-04-24T00:00:00Z,2974627.36,621.33,"$115,532,412","$142,534,136"
2018-04-25T00:00:00Z,2940828.08,644.13,"$120,232,056","$152,877,574"
2018-04-26T00:00:00Z,2959787.51,703.35,"$134,522,883","$140,011,691"
2018-04-27T00:00:00Z,2945820.87,617.73,"$119,230,853","$149,241,031"
2018-04-28T00:00:00Z,2937546.31,661.45,"$133,779,354","$152,781,395"
2018-04-29T00:00:00Z,2940176.27,643.33,"$130,966,902","$163,311,364"
2018-04-30T00:00:00Z,2958152.04,683.02,"$138,268,055","$163,161,811"
2018-05-01T00:00:00Z,2950942.27,689.31,"$137,473,781","$156,692,266"
2018-05-02T00:00:00Z,2945206.73,670.04,"$133,528,761","$157,696,272"
2018-05-03T00:00:00Z,2944847.3,670.81,"$133,944,329","$162,812,040"
2018-05-04T00:00:00Z,2893621.16,686.74,"$134,987,256","$178,900,895"
2018-05-05T00:00:00Z,2879871.23,777.62,"$152,671,744","$180,360,136"
2018-05-06T00:00:00Z,2836194.53,784.21,"$154,296,870","$186,855,019"
2018-05-07T00:00:00Z,2764339.48,816.58,"$161,151,320","$180,996,674"
2018-05-08T00:00:00Z,2761471.76,790.39,"$157,192,352","$174,224,263"
2018-05-09T00:00:00Z,2751892.56,752.4,"$152,041,313","$176,495,675"
2018-05-10T00:00:00Z,2749070.34,747.79,"$152,084,005","$176,948,323"
2018-05-11T00:00:00Z,2717802.92,751.27,"$154,005,850","$172,153,067"
2018-05-12T00:00:00Z,2715781.63,723.61,"$148,678,396","$163,087,860"
2018-05-13T00:00:00Z,2743186.75,677.8,"$140,179,607","$165,517,449"
2018-05-14T00:00:00Z,2721215.44,683.64,"$142,273,291","$177,209,232"
2018-05-15T00:00:00Z,2715245.75,729.34,"$151,888,716","$176,716,559"
2018-05-16T00:00:00Z,2705184.55,727.41,"$151,382,459","$171,567,791"
2018-05-17T00:00:00Z,2711165.46,705.64,"$147,354,193","$172,654,087"
2018-05-18T00:00:00Z,2702654.56,706.72,"$148,311,157","$165,801,316"
2018-05-19T00:00:00Z,2703960.96,668.38,"$141,264,893","$172,424,873"
2018-05-20T00:00:00Z,2705455.46,693.57,"$147,175,915","$174,593,522"
2018-05-21T00:00:00Z,2691608.1,696.05,"$147,604,544","$178,318,713"
2018-05-22T00:00:00Z,2693663.03,715.15,"$151,776,077","$172,713,587"
2018-05-23T00:00:00Z,2694945.43,696.73,"$148,902,007","$159,396,651"
2018-05-24T00:00:00Z,2708333.6,640.84,"$133,410,827","$141,856,366"
2018-05-25T00:00:00Z,2706551.74,577.01,"$121,338,348","$149,066,738"
2018-05-26T00:00:00Z,2705272.13,602.59,"$127,498,143","$145,703,377"
2018-05-27T00:00:00Z,2701686.74,584.77,"$124,303,582","$146,378,643"
2018-05-28T00:00:00Z,2650393.17,585.76,"$126,285,568","$143,366,445"
2018-05-29T00:00:00Z,2641054.77,569.64,"$126,875,461","$134,721,771"
2018-05-30T00:00:00Z,2642569.71,512.03,"$120,817,175","$155,577,525"
2018-05-31T00:00:00Z,2556286.62,566.59,"$133,870,571","$153,590,379"
2018-06-01T00:00:00Z,2509124.23,557.12,"$133,063,209","$160,486,751"
2018-06-02T00:00:00Z,2501721.41,577.23,"$137,964,175","$161,289,757"
2018-06-03T00:00:00Z,2490871.99,579.01,"$138,895,912","$165,106,770"
2018-06-04T00:00:00Z,2490487.95,590.53,"$141,877,791","$172,141,386"
2018-06-05T00:00:00Z,2496198.41,619.04,"$148,870,744","$165,564,313"
2018-06-06T00:00:00Z,2498807.04,591.31,"$142,236,138","$170,668,400"
2018-06-07T00:00:00Z,2489739.83,608.23,"$146,904,204","$170,954,358"
2018-06-08T00:00:00Z,2488868.34,606.3,"$146,511,789","$170,572,303"
2018-06-09T00:00:00Z,2482511.74,604.44,"$145,928,257","$168,541,466"
2018-06-10T00:00:00Z,2465423.43,599.55,"$144,559,665","$164,785,463"
2018-06-11T00:00:00Z,2460756.98,593.38,"$143,268,931","$147,222,751"
2018-06-12T00:00:00Z,2465977.3,524.74,"$127,300,051","$154,199,817"
2018-06-13T00:00:00Z,2464667.26,531.15,"$130,836,469","$145,404,054"
2018-06-14T00:00:00Z,2435798.38,494.53,"$123,301,061","$143,859,403"
2018-06-15T00:00:00Z,2431922.3,476.3,"$119,137,029","$154,973,225"
2018-06-16T00:00:00Z,2420993.68,519.83,"$130,279,779","$146,701,704"
2018-06-17T00:00:00Z,2420962.4,487.51,"$122,197,360","$149,123,718"
2018-06-18T00:00:00Z,2405522.43,497.22,"$124,527,471","$148,708,549"
2018-06-19T00:00:00Z,2402938.52,496.74,"$124,550,223","$154,175,970"
2018-06-20T00:00:00Z,2408301.39,517.63,"$130,109,484","$159,516,594"
2018-06-21T00:00:00Z,2396506.32,538.45,"$136,315,973","$160,130,294"
2018-06-22T00:00:00Z,2396546.5,536.16,"$135,966,514","$155,394,912"
2018-06-23T00:00:00Z,2395751.61,525.77,"$133,996,480","$139,726,734"
2018-06-24T00:00:00Z,2393695.44,462.16,"$117,621,453","$142,172,147"
2018-06-25T00:00:00Z,2383851.59,474.18,"$128,558,781","$144,774,537"
2018-06-26T00:00:00Z,2379028.9,455.25,"$123,610,340","$144,555,494"
2018-06-27T00:00:00Z,2338960.88,458.82,"$125,176,768","$137,258,720"
2018-06-28T00:00:00Z,2326925.46,429.58,"$118,598,734","$141,008,708"
2018-06-29T00:00:00Z,2316845.51,441.75,"$126,552,690","$140,238,915"
2018-06-30T00:00:00Z,2240949.11,420.72,"$145,391,155","$169,779,991"
2018-07-01T00:00:00Z,2238073.81,435.25,"$151,075,828","$177,598,862"
2018-07-02T00:00:00Z,2236593.59,453.42,"$157,552,872","$180,266,445"
2018-07-03T00:00:00Z,2235156.04,451.95,"$157,860,626","$193,654,717"
2018-07-04T00:00:00Z,2235353.91,476.58,"$167,374,701","$188,926,407"
2018-07-05T00:00:00Z,2229745.07,461.95,"$162,364,468","$188,739,162"
2018-07-06T00:00:00Z,2229583.52,467.19,"$164,382,834","$187,251,670"
2018-07-07T00:00:00Z,2237914.59,467.55,"$163,921,118","$187,715,036"
2018-07-08T00:00:00Z,2236662.77,469.93,"$165,053,345","$193,524,603"
2018-07-09T00:00:00Z,2245512.24,485.81,"$171,443,661","$194,355,875"
2018-07-10T00:00:00Z,2245317.76,486.19,"$160,865,034","$175,082,261"
2018-07-11T00:00:00Z,2248202.04,471.48,"$157,249,014","$162,975,205"
2018-07-12T00:00:00Z,2246218.85,432.69,"$147,803,650","$171,487,265"
2018-07-13T00:00:00Z,2240364.28,445.59,"$152,601,528","$166,623,312"
2018-07-14T00:00:00Z,2217684.34,430.91,"$147,970,797","$168,913,724"
2018-07-15T00:00:00Z,2213762.51,432.46,"$149,301,937","$172,618,921"
2018-07-16T00:00:00Z,2209786.24,433.74,"$150,047,699","$179,503,020"
2018-07-17T00:00:00Z,2205610.24,449.62,"$156,447,959","$192,807,399"
2018-07-18T00:00:00Z,2208149.6,478.75,"$166,733,166","$199,857,753"
2018-07-19T00:00:00Z,2198875.6,499.06,"$174,904,321","$194,539,277"
2018-07-20T00:00:00Z,2199306.15,479.02,"$169,031,150","$190,242,109"
2018-07-21T00:00:00Z,2193601.12,468.65,"$166,094,237","$183,579,301"
2018-07-22T00:00:00Z,2192948,448.84,"$159,625,305","$188,590,429"
2018-07-23T00:00:00Z,2190709.21,461.04,"$164,312,793","$187,800,013"
2018-07-24T00:00:00Z,2194327.6,457.65,"$163,545,923","$186,476,730"
2018-07-25T00:00:00Z,2192690.27,449.63,"$160,749,910","$196,385,963"
2018-07-26T00:00:00Z,2188306.91,479.47,"$171,477,071","$193,222,963"
2018-07-27T00:00:00Z,2141619.83,471.28,"$168,658,698","$190,943,522"
2018-07-28T00:00:00Z,2140935.39,462.03,"$165,938,647","$193,957,533"
2018-07-29T00:00:00Z,2126215.1,469.69,"$168,937,864","$193,919,841"
2018-07-30T00:00:00Z,2123724.59,468.55,"$168,450,697","$193,451,351"
2018-07-31T00:00:00Z,2110778.82,466.2,"$167,964,760","$183,759,335"
2018-08-01T00:00:00Z,2109984.11,456.56,"$165,387,121","$180,555,294"
2018-08-02T00:00:00Z,2112335.51,431.99,"$157,275,666","$176,143,550"
2018-08-03T00:00:00Z,2114720.72,419.87,"$153,158,734","$172,701,454"
2018-08-04T00:00:00Z,2112928.43,410.83,"$150,659,196","$175,153,662"
2018-08-05T00:00:00Z,2114302.93,417.62,"$153,615,629","$171,798,162"
2018-08-06T00:00:00Z,2109683.19,406.91,"$150,088,477","$173,001,391"
2018-08-07T00:00:00Z,2109243.1,408.81,"$151,262,316","$171,087,784"
2018-08-08T00:00:00Z,2104595.68,404.95,"$149,774,248","$159,578,790"
2018-08-09T00:00:00Z,2104749.11,377.94,"$152,806,388","$159,441,298"
2018-08-10T00:00:00Z,2103970.28,355.57,"$147,554,812","$165,665,078"
2018-08-11T00:00:00Z,2101637.44,363.51,"$153,609,980","$154,849,378"
2018-08-12T00:00:00Z,2098278.91,331.57,"$148,055,183","$156,261,226"
2018-08-13T00:00:00Z,2088754.98,318.01,"$143,448,520","$157,668,119"
2018-08-14T00:00:00Z,2078813.44,318.2,"$152,877,233","$149,222,031"
2018-08-15T00:00:00Z,2082348.43,284.03,"$138,075,876","$147,985,307"
2018-08-16T00:00:00Z,2081020.77,278.31,"$136,355,992","$150,720,584"
2018-08-17T00:00:00Z,2080207.03,281.24,"$137,986,736","$154,348,875"
2018-08-18T00:00:00Z,2080847.05,286.8,"$140,858,292","$173,278,441"
2018-08-19T00:00:00Z,2081338.33,317.57,"$156,308,735","$158,906,285"
2018-08-20T00:00:00Z,2080623.77,294.85,"$145,608,721","$161,362,110"
2018-08-21T00:00:00Z,2078100,299.62,"$148,779,187","$150,273,840"
2018-08-22T00:00:00Z,2086797.24,270.81,"$135,699,652","$156,498,879"
2018-08-23T00:00:00Z,2052926.13,281.13,"$142,414,237","$149,902,449"
2018-08-24T00:00:00Z,2036099.95,270.37,"$138,232,500","$154,508,037"
2018-08-25T00:00:00Z,2014934.98,275.83,"$142,364,364","$160,710,904"
2018-08-26T00:00:00Z,2004486.34,281.37,"$145,238,352","$159,910,632"
2018-08-27T00:00:00Z,1991576.1,277.56,"$143,401,871","$158,299,745"
2018-08-28T00:00:00Z,1990215.47,274.3,"$142,351,630","$166,597,091"
2018-08-29T00:00:00Z,1988253.44,288.02,"$149,762,716","$171,938,537"
2018-08-30T00:00:00Z,1988332.43,295.55,"$153,733,134","$167,952,225"
2018-08-31T00:00:00Z,1986611.78,288.67,"$150,245,787","$165,035,135"
2018-09-01T00:00:00Z,1982692.03,284.15,"$147,868,765","$163,660,642"
2018-09-02T00:00:00Z,1979509.53,281.66,"$146,828,789","$173,390,679"
2018-09-03T00:00:00Z,1975571.5,295.36,"$154,180,064","$172,850,953"
2018-09-04T00:00:00Z,1975522.78,295.02,"$154,157,355","$167,184,944"
2018-09-05T00:00:00Z,1968470.12,288.97,"$151,789,165","$164,531,304"
2018-09-06T00:00:00Z,1945378.62,285.23,"$151,728,695","$134,391,985"
2018-09-07T00:00:00Z,1890453.36,228.27,"$117,502,231","$131,281,710"
2018-09-08T00:00:00Z,1872289.2,229.52,"$128,738,023","$133,124,711"
2018-09-09T00:00:00Z,1851173.47,215.14,"$132,240,237","$133,012,629"
2018-09-10T00:00:00Z,1851278.05,196.77,"$128,702,230","$140,262,095"
2018-09-11T00:00:00Z,1856876.96,195.99,"$135,296,763","$148,156,924"
2018-09-12T00:00:00Z,1837827.97,197.14,"$144,751,807","$147,844,196"
2018-09-13T00:00:00Z,1829644.53,185.15,"$141,021,025","$151,467,629"
2018-09-14T00:00:00Z,1844639.35,183.03,"$139,876,349","$174,396,147"
2018-09-15T00:00:00Z,1834986.25,211.27,"$162,619,761","$173,756,168"
2018-09-16T00:00:00Z,1864271.57,208.87,"$161,524,516","$184,777,174"
2018-09-17T00:00:00Z,1862053.14,221.63,"$171,903,535","$183,728,549"
2018-09-18T00:00:00Z,1859741.08,220.12,"$175,104,727","$168,418,698"
2018-09-19T00:00:00Z,1866576.25,196.04,"$156,148,593","$178,994,543"
2018-09-20T00:00:00Z,1861878.52,208.39,"$166,200,215","$180,502,343"
2018-09-21T00:00:00Z,1880412.07,209.78,"$167,345,802","$193,232,438"
2018-09-22T00:00:00Z,1878272.49,224.76,"$179,158,945","$211,659,588"
2018-09-23T00:00:00Z,1872156.59,247.69,"$198,054,187","$206,587,964"
2018-09-24T00:00:00Z,1860062.88,240.78,"$193,025,303","$209,994,470"
2018-09-25T00:00:00Z,1855626.34,244.55,"$196,846,622","$196,760,801"
2018-09-26T00:00:00Z,1854327.32,227.92,"$188,222,082","$194,299,625"
2018-09-27T00:00:00Z,1848979.23,219.2,"$181,558,248","$191,190,413"
2018-09-28T00:00:00Z,1853387.64,214.21,"$178,547,670","$204,967,381"
2018-09-29T00:00:00Z,1850646.03,229.09,"$191,748,534","$199,756,574"
2018-09-30T00:00:00Z,1875188.62,221.56,"$185,637,775","$208,489,644"
2018-10-01T00:00:00Z,1928154.75,231.32,"$193,627,334","$209,433,400"
2018-10-02T00:00:00Z,1921675.64,232.6,"$194,869,093","$208,008,751"
2018-10-03T00:00:00Z,1922432.3,230.89,"$193,841,017","$203,838,358"
2018-10-04T00:00:00Z,1920571.94,225.41,"$190,085,487","$200,119,208"
2018-10-05T00:00:00Z,1909188.83,219.97,"$186,078,197","$202,517,070"
2018-10-06T00:00:00Z,1840246.73,221.76,"$188,593,379","$208,758,147"
2018-10-07T00:00:00Z,1799246.72,227.9,"$193,918,827","$205,995,505"
2018-10-08T00:00:00Z,1779302.75,224.62,"$192,521,054","$208,339,970"
2018-10-09T00:00:00Z,1752512.83,225.65,"$194,114,230","$212,423,757"
2018-10-10T00:00:00Z,1756413.85,229.33,"$197,647,755","$210,971,912"
2018-10-11T00:00:00Z,1756227.59,227.49,"$196,413,986","$208,726,364"
2018-10-12T00:00:00Z,1742207.62,225.26,"$199,204,890","$181,133,654"
2018-10-13T00:00:00Z,1738545.91,189.83,"$169,773,219","$189,824,197"
2018-10-14T00:00:00Z,1738654.63,195.97,"$175,278,864","$193,123,607"
2018-10-15T00:00:00Z,1734623.35,199.45,"$178,583,080","$189,695,103"
2018-10-16T00:00:00Z,1733973.59,194.99,"$176,551,675","$205,948,931"
2018-10-17T00:00:00Z,1738917.75,210.8,"$190,935,681","$205,642,221"
2018-10-18T00:00:00Z,1736514.8,210.22,"$191,320,793","$204,307,536"
2018-10-19T00:00:00Z,1728779.31,207.6,"$189,196,266","$200,002,903"
2018-10-20T00:00:00Z,1711026.07,202.49,"$184,713,911","$200,824,148"
2018-10-21T00:00:00Z,1702037.46,202.86,"$185,167,330","$203,228,053"
2018-10-22T00:00:00Z,1687766.65,205.08,"$187,262,393","$202,969,463"
2018-10-23T00:00:00Z,1684724.75,204.77,"$187,410,877","$202,695,673"
2018-10-24T00:00:00Z,1686338.93,203.6,"$193,034,750","$209,969,816"
2018-10-25T00:00:00Z,1701156.87,203.7,"$194,467,801","$210,548,233"
2018-10-26T00:00:00Z,1701945,202.92,"$194,426,345","$209,457,588"
2018-10-27T00:00:00Z,1746117.46,201.23,"$193,396,645","$212,384,821"
2018-10-28T00:00:00Z,1768857.52,203.37,"$195,884,408","$212,191,062"
2018-10-29T00:00:00Z,1772513.1,202.79,"$196,266,453","$214,131,281"
2018-10-30T00:00:00Z,1789037.75,203.72,"$198,763,851","$207,460,315"
2018-10-31T00:00:00Z,1791128.65,195.67,"$191,299,754","$208,613,611"
2018-11-01T00:00:00Z,1792341.01,196.19,"$192,193,541","$210,598,021"
2018-11-02T00:00:00Z,1797761.02,197.85,"$194,265,931","$212,241,545"
2018-11-03T00:00:00Z,1795219.38,198.73,"$195,623,407","$214,912,461"
2018-11-04T00:00:00Z,1800762,201.02,"$198,126,239","$213,890,802"
2018-11-05T00:00:00Z,1803638.4,199.47,"$196,565,176","$225,496,801"
2018-11-06T00:00:00Z,1801020.51,211.3,"$208,643,217","$224,420,306"
2018-11-07T00:00:00Z,1808304.43,209.7,"$212,626,254","$240,286,403"
2018-11-08T00:00:00Z,1808596.77,219.56,"$222,670,662","$238,839,142"
2018-11-09T00:00:00Z,1815686.28,217.99,"$223,834,294","$234,326,407"
2018-11-10T00:00:00Z,1807556.03,211.29,"$217,799,991","$232,780,167"
2018-11-11T00:00:00Z,1805287.5,209.39,"$216,407,798","$237,398,203"
2018-11-12T00:00:00Z,1802836.36,211.9,"$219,026,343","$236,880,147"
2018-11-13T00:00:00Z,1798893.24,211.7,"$218,963,167","$237,111,228"
2018-11-14T00:00:00Z,1799731.26,210.81,"$220,445,172","$233,524,189"
2018-11-15T00:00:00Z,1794966.53,206.42,"$220,264,538","$211,080,891"
2018-11-16T00:00:00Z,1793262.86,182.72,"$205,466,621","$220,127,231"
2018-11-17T00:00:00Z,1792071.06,181.53,"$211,512,735","$219,562,678"
2018-11-18T00:00:00Z,1782961.63,174.84,"$204,938,888","$220,713,063"
2018-11-19T00:00:00Z,1785596.25,174.22,"$204,253,491","$223,940,480"
2018-11-20T00:00:00Z,1783845.1,177.53,"$221,814,273","$198,692,777"
2018-11-21T00:00:00Z,1786422.92,148.22,"$195,474,396","$186,650,306"
2018-11-22T00:00:00Z,1780475.82,130.74,"$177,500,113","$199,963,242"
2018-11-23T00:00:00Z,1786054,136.5,"$190,168,826","$189,045,846"
2018-11-24T00:00:00Z,1791367.63,124.83,"$173,885,264","$185,634,666"
2018-11-25T00:00:00Z,1854198.48,123.37,"$174,067,847","$172,366,437"
2018-11-26T00:00:00Z,1897360.63,112.75,"$163,555,946","$184,856,426"
2018-11-27T00:00:00Z,1898996.65,116.75,"$172,931,822","$176,549,210"
2018-11-28T00:00:00Z,1900298.96,108.87,"$167,256,120","$185,494,714"
2018-11-29T00:00:00Z,1899242.09,110.19,"$170,031,927","$207,039,082"
2018-11-30T00:00:00Z,1898998.79,122.88,"$191,022,616","$199,464,963"
2018-12-01T00:00:00Z,1911957.21,117.48,"$183,087,038","$192,329,145"
2018-12-02T00:00:00Z,1932656.96,112.87,"$176,254,381","$202,130,169"
2018-12-03T00:00:00Z,1936383.94,118.5,"$185,761,062","$198,648,537"
2018-12-04T00:00:00Z,1937205.02,115.96,"$182,069,974","$186,035,448"
2018-12-05T00:00:00Z,1934412.36,108.23,"$171,132,826","$189,593,951"
2018-12-06T00:00:00Z,1934275.88,109.82,"$173,369,682","$175,593,919"
2018-12-07T00:00:00Z,2062168.83,101.57,"$156,509,204","$153,334,956"
2018-12-08T00:00:00Z,2097056.76,90.43,"$146,907,008","$167,329,952"
2018-12-09T00:00:00Z,2100734.79,93.61,"$153,408,689","$165,613,979"
2018-12-10T00:00:00Z,2110124.98,91.44,"$151,611,539","$172,335,247"
2018-12-11T00:00:00Z,2080053.5,94.42,"$157,109,255","$165,523,751"
2018-12-12T00:00:00Z,2091624.11,90.7,"$151,762,641","$162,189,694"
2018-12-13T00:00:00Z,2102378.07,88.05,"$147,717,281","$167,324,493"
2018-12-14T00:00:00Z,2111671.28,90.52,"$151,630,024","$159,100,483"
2018-12-15T00:00:00Z,2113392.66,86.39,"$144,652,319","$154,378,261"
2018-12-16T00:00:00Z,2118393.44,83.9,"$140,563,965","$155,267,058"
2018-12-17T00:00:00Z,2136620.95,84.27,"$141,293,208","$157,883,351"
2018-12-18T00:00:00Z,2136135.93,85.39,"$143,068,810","$175,673,204"
2018-12-19T00:00:00Z,2138860.67,95.44,"$160,499,464","$189,134,576"
2018-12-20T00:00:00Z,2151517.68,102.44,"$174,669,953","$189,105,382"
2018-12-21T00:00:00Z,2156458.01,100.63,"$173,101,531","$218,894,480"
2018-12-22T00:00:00Z,2157124.82,116.43,"$203,926,070","$209,762,158"
2018-12-23T00:00:00Z,2161744.01,109.44,"$197,462,216","$232,357,409"
2018-12-24T00:00:00Z,2158233.98,118.36,"$216,644,785","$261,215,407"
2018-12-25T00:00:00Z,2162551.44,131.56,"$242,773,188","$281,257,005"
2018-12-26T00:00:00Z,2177631.08,140.87,"$261,748,194","$262,985,131"
2018-12-27T00:00:00Z,2190932.26,130.99,"$245,403,840","$268,629,804"
2018-12-28T00:00:00Z,2202369.7,132.61,"$249,276,751","$237,858,048"
2018-12-29T00:00:00Z,2205319.72,116.72,"$220,198,639","$283,888,510"
2018-12-30T00:00:00Z,2207760.47,139.73,"$266,781,822","$282,757,583"
2018-12-31T00:00:00Z,2207322.17,137.3,"$262,291,224","$290,397,600"
2019-01-01T00:00:00Z,2208742.82,141.33,"$270,227,354","$274,673,495"
2019-01-02T00:00:00Z,2248920.2,133.49,"$255,222,709","$293,343,968"
2019-01-03T00:00:00Z,2254127.66,142.66,"$272,533,664","$322,181,109"
2019-01-04T00:00:00Z,2275433.38,156.57,"$299,343,431","$308,272,339"
2019-01-05T00:00:00Z,2273993.47,149.44,"$283,934,162","$320,024,976"
2019-01-06T00:00:00Z,2277229.47,156.04,"$292,794,207","$317,312,535"
2019-01-07T00:00:00Z,2295086.46,156.23,"$292,233,691","$321,204,020"
2019-01-08T00:00:00Z,2292591.85,158.61,"$295,507,208","$307,317,612"
2019-01-09T00:00:00Z,2299734.55,152.09,"$281,892,447","$305,151,912"
2019-01-10T00:00:00Z,2305469.05,151.1,"$280,893,717","$305,948,710"
2019-01-11T00:00:00Z,2319431.08,151.17,"$282,137,348","$260,671,755"
2019-01-12T00:00:00Z,2285119.92,127.96,"$238,628,188","$259,059,000"
2019-01-13T00:00:00Z,2290718.24,127.16,"$237,574,007","$257,293,331"
2019-01-14T00:00:00Z,2294883.15,125.83,"$236,957,555","$239,782,239"
2019-01-15T00:00:00Z,2274018.16,116.56,"$223,752,135","$272,125,241"
2019-01-16T00:00:00Z,2279946.98,129.74,"$249,599,611","$255,030,163"
2019-01-17T00:00:00Z,2263118.81,121.22,"$234,245,347","$264,279,272"
2019-01-18T00:00:00Z,2255580.15,123.12,"$237,330,878","$266,029,833"
2019-01-19T00:00:00Z,2266831.68,123.72,"$239,257,130","$260,326,841"
2019-01-20T00:00:00Z,2266382.17,120.57,"$233,892,530","$270,063,664"
2019-01-21T00:00:00Z,2267237.75,124.85,"$246,512,237","$262,162,097"
2019-01-22T00:00:00Z,2266000.49,118.41,"$234,690,403","$258,751,907"
2019-01-23T00:00:00Z,2261553.27,116.72,"$230,565,814","$261,677,655"
2019-01-24T00:00:00Z,2265150.39,119.12,"$236,012,807","$258,940,006"
2019-01-25T00:00:00Z,2267943.08,117.57,"$235,928,329","$262,878,413"
2019-01-26T00:00:00Z,2267715.04,117.7,"$236,526,504","$258,891,186"
2019-01-27T00:00:00Z,2265001.92,115.92,"$233,648,883","$260,393,550"
2019-01-28T00:00:00Z,2260671.47,116.33,"$234,396,359","$251,381,454"
2019-01-29T00:00:00Z,2264761.22,112.27,"$227,494,370","$238,193,661"
2019-01-30T00:00:00Z,2257467.43,106.36,"$216,852,946","$237,141,353"
2019-01-31T00:00:00Z,2279734.2,104.75,"$214,065,151","$247,564,425"
2019-02-01T00:00:00Z,2290758.44,109.04,"$223,225,407","$243,962,669"
2019-02-02T00:00:00Z,2294493.18,106.89,"$219,093,931","$244,456,836"
2019-02-03T00:00:00Z,2296007.37,107.03,"$220,262,120","$255,938,506"
2019-02-04T00:00:00Z,2294168.53,111,"$228,877,164","$247,273,241"
2019-02-05T00:00:00Z,2257988.72,107.21,"$222,523,793","$247,095,846"
2019-02-06T00:00:00Z,2263129.55,106.9,"$221,484,573","$247,322,985"
2019-02-07T00:00:00Z,2253360.11,106.93,"$223,717,073","$243,593,938"
2019-02-08T00:00:00Z,2249657.9,104.5,"$218,844,113","$243,913,621"
2019-02-09T00:00:00Z,2249912.57,104.3,"$216,976,036","$276,134,081"
2019-02-10T00:00:00Z,2245030.31,119.49,"$251,215,897","$278,672,583"
2019-02-11T00:00:00Z,2243264.46,119.46,"$250,920,852","$291,977,617"
2019-02-12T00:00:00Z,2245066.88,125.58,"$262,251,416","$279,516,152"
2019-02-13T00:00:00Z,2242615.59,120.76,"$253,052,532","$284,665,760"
2019-02-14T00:00:00Z,2237411.25,122.63,"$257,762,277","$285,244,162"
2019-02-15T00:00:00Z,2234983.65,122.31,"$257,281,948","$281,769,039"
2019-02-16T00:00:00Z,2222417.08,120.85,"$254,454,814","$284,912,282"
2019-02-17T00:00:00Z,2219630.51,122.02,"$257,508,325","$287,963,617"
2019-02-18T00:00:00Z,2194350.83,123.26,"$260,723,660","$312,833,651"
2019-02-19T00:00:00Z,2197023.25,134.28,"$283,864,676","$339,565,788"
2019-02-20T00:00:00Z,2190578.47,146.53,"$310,411,650","$335,345,661"
2019-02-21T00:00:00Z,2171077.27,144.4,"$305,507,828","$345,810,059"
2019-02-22T00:00:00Z,2166095.31,149.23,"$316,770,916","$340,080,670"
2019-02-23T00:00:00Z,2162904.49,146.36,"$312,588,468","$348,615,224"
2019-02-24T00:00:00Z,2154710.06,149.04,"$319,419,407","$373,326,404"
2019-02-25T00:00:00Z,2142714.95,159.48,"$341,720,180","$313,794,018"
2019-02-26T00:00:00Z,2143179.06,133.42,"$287,481,416","$330,358,441"
2019-02-27T00:00:00Z,2135750.67,139.02,"$300,686,982","$327,481,763"
2019-02-28T00:00:00Z,2122702.65,137.12,"$297,014,989","$325,342,606"
2019-03-01T00:00:00Z,2115705.18,135.94,"$295,136,244","$326,110,469"
2019-03-02T00:00:00Z,2118417.05,136.29,"$298,553,940","$329,161,363"
2019-03-03T00:00:00Z,2113975.84,136.15,"$299,124,715","$324,929,937"
2019-03-04T00:00:00Z,2115233.33,133.81,"$293,626,085","$318,928,781"
2019-03-05T00:00:00Z,2110378.01,131.21,"$291,237,719","$310,628,733"
2019-03-06T00:00:00Z,2105542.52,126.43,"$280,980,191","$338,292,080"
2019-03-07T00:00:00Z,2103523.41,137.93,"$308,271,295","$341,645,509"
2019-03-08T00:00:00Z,2101951.21,138.49,"$309,859,084","$340,702,397"
2019-03-09T00:00:00Z,2095499.6,137.65,"$308,696,036","$334,949,474"
2019-03-10T00:00:00Z,2088321.52,134.42,"$301,781,890","$344,231,558"
2019-03-11T00:00:00Z,2100459.17,138.24,"$310,108,879","$339,947,667"
2019-03-12T00:00:00Z,2102401.01,136.36,"$306,132,333","$334,699,795"
2019-03-13T00:00:00Z,2080307.15,133.54,"$300,453,325","$337,449,028"
2019-03-14T00:00:00Z,2094202.04,134.37,"$302,286,532","$334,215,463"
2019-03-15T00:00:00Z,2092182.48,132.93,"$299,539,159","$334,907,318"
2019-03-16T00:00:00Z,2071885.62,132.89,"$300,747,286","$347,642,838"
2019-03-17T00:00:00Z,2075588.03,137.63,"$310,766,988","$356,769,716"
2019-03-18T00:00:00Z,2061956.43,141.68,"$325,037,797","$357,924,594"
2019-03-19T00:00:00Z,2057947.49,139.74,"$320,844,070","$355,063,110"
2019-03-20T00:00:00Z,2049714.01,138.5,"$317,787,305","$356,753,753"
2019-03-21T00:00:00Z,2047188.25,139.46,"$319,469,172","$358,532,088"
2019-03-22T00:00:00Z,2043581.39,140.22,"$319,664,330","$345,363,331"
2019-03-23T00:00:00Z,2038858.09,135.61,"$306,135,158","$345,623,975"
2019-03-24T00:00:00Z,2026314.87,136.76,"$309,728,744","$348,966,122"
2019-03-25T00:00:00Z,2014926.15,137.74,"$311,384,888","$344,279,932"
2019-03-26T00:00:00Z,2015604.58,136.21,"$308,515,912","$339,464,100"
2019-03-27T00:00:00Z,2009570.98,133.96,"$303,783,107","$340,786,383"
2019-03-28T00:00:00Z,2006705.19,134.29,"$304,562,076","$354,981,332"
2019-03-29T00:00:00Z,1981302.95,140.23,"$317,642,039","$351,372,847"
2019-03-30T00:00:00Z,1975375.38,138.39,"$312,976,357","$364,923,800"
2019-03-31T00:00:00Z,1982015.06,144.41,"$327,233,131","$363,594,536"
2019-04-01T00:00:00Z,1974467.26,143.29,"$324,872,497","$361,942,112"
2019-04-02T00:00:00Z,1939889.94,142.4,"$322,732,821","$362,561,348"
2019-04-03T00:00:00Z,1933859.76,141.85,"$321,550,074","$418,127,511"
2019-04-04T00:00:00Z,1927638.71,164.93,"$372,012,834","$407,464,584"
2019-04-05T00:00:00Z,1932398.51,161.18,"$364,769,490","$401,493,106"
2019-04-06T00:00:00Z,1923844.7,158.07,"$360,391,219","$424,480,643"
2019-04-07T00:00:00Z,1919630.53,166.39,"$378,373,882","$424,576,000"
2019-04-08T00:00:00Z,1883156.28,166.28,"$381,593,170","$450,291,191"
2019-04-09T00:00:00Z,1868307.7,175.57,"$402,181,401","$462,113,602"
2019-04-10T00:00:00Z,1864865.49,181.06,"$413,743,813","$449,367,190"
2019-04-11T00:00:00Z,1866358.06,176.3,"$408,915,699","$456,450,089"
2019-04-12T00:00:00Z,1858992.17,177.39,"$408,967,155","$424,564,311"
2019-04-13T00:00:00Z,1853458.13,165.24,"$380,008,137","$424,386,150"
2019-04-14T00:00:00Z,1863105.78,164.56,"$377,268,915","$423,086,052"
2019-04-15T00:00:00Z,1870535.05,164.53,"$377,610,575","$434,129,270"
2019-04-16T00:00:00Z,1876404.81,168.68,"$384,123,067","$411,099,586"
2019-04-17T00:00:00Z,1899987.7,160.3,"$364,521,153","$426,746,576"
2019-04-18T00:00:00Z,1911882.42,166.9,"$379,769,831","$428,964,403"
2019-04-19T00:00:00Z,1910371.96,167.02,"$376,484,402","$443,707,569"
2019-04-20T00:00:00Z,1911923.81,174.6,"$392,661,467","$442,920,624"
2019-04-21T00:00:00Z,1912031.09,174.13,"$384,608,387","$435,218,576"
2019-04-22T00:00:00Z,1910351.23,173.96,"$383,985,765","$426,328,597"
2019-04-23T00:00:00Z,1909266.6,170.3,"$375,981,608","$430,385,518"
2019-04-24T00:00:00Z,1886554.48,171.9,"$379,094,460","$425,857,310"
2019-04-25T00:00:00Z,1879773.4,170.66,"$375,856,413","$415,174,100"
2019-04-26T00:00:00Z,1873454.77,166.05,"$363,804,302","$386,250,828"
2019-04-27T00:00:00Z,1858083.3,152.99,"$333,155,779","$394,585,843"
2019-04-28T00:00:00Z,1845341.96,156.45,"$338,331,173","$395,838,623"
2019-04-29T00:00:00Z,1830388.52,158.36,"$341,777,933","$393,452,094"
2019-04-30T00:00:00Z,1804296.56,158.05,"$341,663,641","$386,981,681"
2019-05-01T00:00:00Z,1751490.77,156.69,"$337,999,888","$406,899,791"
2019-05-02T00:00:00Z,1720178.19,164.39,"$354,500,132","$398,527,742"
2019-05-03T00:00:00Z,1705095.21,161.42,"$347,297,984","$401,973,249"
2019-05-04T00:00:00Z,1681679.21,161.29,"$344,976,837","$414,310,573"
2019-05-05T00:00:00Z,1675475,168.24,"$359,383,509","$405,168,148"
2019-05-06T00:00:00Z,1676672.7,163.61,"$349,572,554","$401,618,772"
2019-05-07T00:00:00Z,1675375.03,163.94,"$347,289,421","$420,425,261"
2019-05-08T00:00:00Z,1674410.45,173.7,"$367,096,305","$411,552,468"
2019-05-09T00:00:00Z,1675099.69,168.59,"$356,006,661","$414,939,751"
2019-05-10T00:00:00Z,1677652.25,171.42,"$360,389,649","$410,435,158"
2019-05-11T00:00:00Z,1673237.5,170.86,"$357,374,895","$413,475,969"
2019-05-12T00:00:00Z,1663940.43,172.5,"$358,809,229","$453,904,533"
2019-05-13T00:00:00Z,1658043.95,192.44,"$406,072,451","$449,430,495"
2019-05-14T00:00:00Z,1638806.63,188.14,"$395,232,243","$465,454,848"
2019-05-15T00:00:00Z,1624538.4,195.83,"$410,666,625","$511,320,378"
2019-05-16T00:00:00Z,1540899.91,217.16,"$447,820,583","$572,253,412"
2019-05-17T00:00:00Z,1578671.3,248.64,"$480,938,355","$560,607,714"
2019-05-18T00:00:00Z,1581195.84,264.47,"$511,594,037","$518,883,821"
2019-05-19T00:00:00Z,1570110.16,244.84,"$474,305,277","$500,254,367"
2019-05-20T00:00:00Z,1567603.9,233.96,"$453,036,387","$554,101,619"
2019-05-21T00:00:00Z,1561569.78,260.9,"$504,230,201","$530,663,913"
2019-05-22T00:00:00Z,1558452.83,252.1,"$482,004,413","$531,042,640"
2019-05-23T00:00:00Z,1554546.03,254.94,"$484,130,752","$508,287,534"
2019-05-24T00:00:00Z,1543079.47,243.46,"$462,389,479","$512,652,532"
2019-05-25T00:00:00Z,1536292.09,245.6,"$466,713,425","$522,180,894"
2019-05-26T00:00:00Z,1481214.75,249.61,"$474,008,554","$523,822,210"
2019-05-27T00:00:00Z,1450607.06,251.49,"$477,167,225","$555,645,283"
2019-05-28T00:00:00Z,1410941.45,268.26,"$497,407,284","$554,167,198"
2019-05-29T00:00:00Z,1392976.56,271.83,"$486,947,463","$539,863,852"
2019-05-30T00:00:00Z,1393178.21,271.45,"$484,824,358","$540,356,206"
2019-05-31T00:00:00Z,1357657.28,269.6,"$480,016,281","$511,150,282"
2019-06-01T00:00:00Z,1318812.55,254.45,"$454,555,312","$539,871,840"
2019-06-02T00:00:00Z,1249446.7,267.42,"$477,035,857","$535,248,364"
2019-06-03T00:00:00Z,1172388.31,264.71,"$472,665,183","$544,656,737"
2019-06-04T00:00:00Z,1172151.04,269.31,"$480,169,397","$510,490,915"
2019-06-05T00:00:00Z,1165166.83,249.61,"$447,318,857","$494,874,511"
2019-06-06T00:00:00Z,1124488.95,241.1,"$432,355,676","$508,928,739"
2019-06-07T00:00:00Z,1067069.75,246.16,"$441,848,961","$514,722,392"
2019-06-08T00:00:00Z,1045705.48,249.43,"$448,906,968","$519,664,383"
2019-06-09T00:00:00Z,1034308.77,249.54,"$448,895,819","$507,777,279"
2019-06-10T00:00:00Z,1033630.69,244.4,"$440,613,206","$486,086,069"
2019-06-11T00:00:00Z,1033515.44,231.43,"$417,797,686","$516,632,639"
2019-06-12T00:00:00Z,1030810.69,247.96,"$448,201,593","$512,748,395"
2019-06-13T00:00:00Z,1026809.92,245.16,"$445,133,648","$548,077,664"
2019-06-14T00:00:00Z,1014167.71,263.05,"$475,751,380","$527,005,561"
2019-06-15T00:00:00Z,1013954.48,255.09,"$461,280,377","$543,209,484"
2019-06-16T00:00:00Z,987426.49,263.76,"$475,037,170","$553,542,016"
2019-06-17T00:00:00Z,985437.29,269.22,"$485,575,530","$550,435,163"
2019-06-18T00:00:00Z,985604.61,268.53,"$483,558,620","$561,496,088"
2019-06-19T00:00:00Z,984367.77,273.92,"$491,746,493","$542,953,116"
2019-06-20T00:00:00Z,981884.92,264.51,"$475,525,767","$555,456,402"
2019-06-21T00:00:00Z,979629.65,269.01,"$482,157,655","$558,909,288"
2019-06-22T00:00:00Z,977665.22,272.21,"$487,563,130","$605,144,088"
2019-06-23T00:00:00Z,975671.76,296.03,"$529,608,845","$629,552,405"
2019-06-24T00:00:00Z,967831.02,309.41,"$548,433,278","$625,652,506"
2019-06-25T00:00:00Z,963192.25,307.37,"$543,693,736","$628,154,614"
2019-06-26T00:00:00Z,961072.63,311.22,"$543,426,676","$631,082,944"
2019-06-27T00:00:00Z,958142.84,316.53,"$538,716,651","$653,685,436"
2019-06-28T00:00:00Z,954677.47,333.76,"$567,778,117","$582,931,417"
2019-06-29T00:00:00Z,948107.81,294.07,"$495,901,689","$610,430,034"
2019-06-30T00:00:00Z,915226.24,309.37,"$521,203,296","$621,370,659"
2019-07-01T00:00:00Z,913118.75,317.32,"$535,562,113","$571,565,120"
2019-07-02T00:00:00Z,912783.84,290.15,"$493,846,169","$584,333,393"
2019-07-03T00:00:00Z,912212.51,294.17,"$503,332,539","$587,386,335"
2019-07-04T00:00:00Z,911350.03,291.61,"$504,129,335","$616,720,146"
2019-07-05T00:00:00Z,910097.96,302.17,"$524,722,677","$581,786,555"
2019-07-06T00:00:00Z,905766.99,283.1,"$492,287,615","$587,905,735"
2019-07-07T00:00:00Z,905439.64,287.9,"$499,210,997","$590,705,502"
2019-07-08T00:00:00Z,895377.69,287.98,"$499,536,832","$620,711,427"
2019-07-09T00:00:00Z,894416.82,306.43,"$532,775,938","$635,095,042"
2019-07-10T00:00:00Z,894343.46,313.34,"$544,755,975","$629,150,473"
2019-07-11T00:00:00Z,884333.17,307.89,"$536,408,304","$593,983,894"
2019-07-12T00:00:00Z,863396.13,288.64,"$506,917,532","$559,018,972"
2019-07-13T00:00:00Z,861848.67,268.56,"$471,702,504","$569,294,232"
2019-07-14T00:00:00Z,860244.76,275.41,"$482,659,559","$556,398,002"
2019-07-15T00:00:00Z,857096.67,268.94,"$478,525,682","$482,463,147"
2019-07-16T00:00:00Z,850894.37,226.16,"$406,917,638","$496,332,198"
2019-07-17T00:00:00Z,850439.12,228.14,"$419,833,889","$441,222,923"
2019-07-18T00:00:00Z,845925.34,198.71,"$379,374,912","$480,126,997"
2019-07-19T00:00:00Z,843287.73,211.29,"$405,797,645","$513,245,815"
2019-07-20T00:00:00Z,839538.38,226.09,"$434,642,719","$501,008,213"
2019-07-21T00:00:00Z,837786.3,221.28,"$425,228,386","$518,753,440"
2019-07-22T00:00:00Z,837054.01,228.71,"$440,988,273","$512,029,082"
2019-07-23T00:00:00Z,837866.83,225.4,"$422,667,515","$482,659,295"
2019-07-24T00:00:00Z,837000.89,217.22,"$401,997,331","$462,292,199"
2019-07-25T00:00:00Z,833516.97,212.21,"$393,307,391","$472,852,527"
2019-07-26T00:00:00Z,828276.68,216.66,"$400,599,840","$478,711,212"
2019-07-27T00:00:00Z,825825.21,219.41,"$406,857,957","$485,174,818"
2019-07-28T00:00:00Z,804934.05,219.23,"$406,808,963","$458,111,216"
2019-07-29T00:00:00Z,801666.68,219.85,"$408,934,824","$459,871,072"
2019-07-30T00:00:00Z,799605.1,211.15,"$395,305,864","$467,894,707"
2019-07-31T00:00:00Z,797112.23,211.52,"$397,292,197","$468,084,798"
2019-08-01T00:00:00Z,797720.48,209.82,"$394,548,061","$482,685,819"
2019-08-02T00:00:00Z,797544.1,218.7,"$407,192,832","$483,012,812"
2019-08-03T00:00:00Z,796513.94,217.51,"$405,999,000","$487,669,897"
2019-08-04T00:00:00Z,795496.67,217.7,"$404,865,633","$496,901,800"
2019-08-05T00:00:00Z,775632.97,217.73,"$405,424,830","$493,166,189"
2019-08-06T00:00:00Z,773325.59,222.7,"$415,173,279","$520,657,822"
2019-08-07T00:00:00Z,769724.81,233.19,"$427,900,444","$495,811,393"
2019-08-08T00:00:00Z,764226.35,228.7,"$421,869,019","$501,146,742"
2019-08-09T00:00:00Z,761658.25,225.99,"$413,481,367","$487,369,476"
2019-08-10T00:00:00Z,734258.94,221.18,"$406,490,790","$473,199,338"
2019-08-11T00:00:00Z,690324.83,210.47,"$390,816,894","$468,453,324"
2019-08-12T00:00:00Z,654074.45,206.26,"$381,844,611","$483,337,098"
2019-08-13T00:00:00Z,614670.62,216.39,"$400,575,427","$473,440,895"
2019-08-14T00:00:00Z,560901.11,211.28,"$395,577,262","$464,734,233"
2019-08-15T00:00:00Z,514751.09,208.62,"$394,386,380","$439,218,085"
2019-08-16T00:00:00Z,531952.09,186.49,"$362,793,659","$459,094,862"
2019-08-17T00:00:00Z,525276.55,188.24,"$370,544,815","$450,961,174"
2019-08-18T00:00:00Z,522531.88,185.41,"$366,281,679","$455,970,506"
2019-08-19T00:00:00Z,522007.26,185.69,"$366,843,872","$471,293,500"
2019-08-20T00:00:00Z,521297.98,194.77,"$385,549,071","$493,765,054"
2019-08-21T00:00:00Z,520389.81,202.43,"$401,356,348","$484,545,120"
2019-08-22T00:00:00Z,520475.93,196.55,"$390,468,545","$466,976,698"
2019-08-23T00:00:00Z,520159.48,187.32,"$372,454,431","$474,705,147"
2019-08-24T00:00:00Z,519973.32,190.74,"$379,239,461","$476,751,510"
2019-08-25T00:00:00Z,518963.29,194.64,"$387,375,539","$471,419,569"
2019-08-26T00:00:00Z,516651.79,191.08,"$380,550,361","$464,841,498"
2019-08-27T00:00:00Z,516182.79,186.58,"$373,997,061","$470,780,066"
2019-08-28T00:00:00Z,516130.82,188.46,"$379,734,646","$478,243,272"
2019-08-29T00:00:00Z,511271.59,187.17,"$381,096,828","$458,054,548"
2019-08-30T00:00:00Z,506577.87,173.01,"$355,176,750","$452,588,487"
2019-08-31T00:00:00Z,501088.04,168.95,"$352,564,394","$457,963,857"
2019-09-01T00:00:00Z,496559.6,168.52,"$350,201,412","$467,966,706"
2019-09-02T00:00:00Z,493839.99,172.15,"$358,179,382","$460,098,682"
2019-09-03T00:00:00Z,492202.46,171.42,"$356,783,017","$480,762,520"
2019-09-04T00:00:00Z,491137.7,178.76,"$371,972,219","$482,114,808"
2019-09-05T00:00:00Z,490636.95,179.13,"$372,627,485","$486,384,185"
2019-09-06T00:00:00Z,489942.84,175.01,"$364,199,445","$481,617,538"
2019-09-07T00:00:00Z,486131.31,174.38,"$363,119,919","$471,312,216"
2019-09-08T00:00:00Z,480443.85,169.47,"$352,296,514","$487,455,878"
2019-09-09T00:00:00Z,451081.79,178.32,"$372,466,788","$494,671,984"
2019-09-10T00:00:00Z,446527.68,181.67,"$381,194,330","$496,473,232"
2019-09-11T00:00:00Z,422574.29,180.84,"$380,060,115","$485,149,633"
2019-09-12T00:00:00Z,414981.05,180.01,"$378,735,690","$491,027,715"
2019-09-13T00:00:00Z,404313.88,178.48,"$375,655,621","$505,975,818"
2019-09-14T00:00:00Z,369858.62,181.19,"$381,331,691","$503,453,705"
2019-09-15T00:00:00Z,370006.4,181.56,"$382,954,177","$518,348,535"
2019-09-16T00:00:00Z,368849.32,188.9,"$398,519,155","$527,261,150"
2019-09-17T00:00:00Z,367835.9,189.48,"$400,618,119","$547,074,467"
2019-09-18T00:00:00Z,366719.07,197.85,"$418,042,890","$569,014,401"
2019-09-19T00:00:00Z,364776.56,207.9,"$439,650,438","$572,093,851"
2019-09-20T00:00:00Z,364072.47,210.5,"$444,646,625","$598,486,040"
2019-09-21T00:00:00Z,362246.19,221.01,"$466,327,588","$587,738,658"
2019-09-22T00:00:00Z,360284.77,218.26,"$460,698,585","$579,534,509"
2019-09-23T00:00:00Z,359514.88,215.1,"$456,813,159","$578,210,040"
2019-09-24T00:00:00Z,359679.5,211.23,"$449,120,416","$550,887,480"
2019-09-25T00:00:00Z,359151.24,200.97,"$430,263,785","$477,232,146"
2019-09-26T00:00:00Z,357873.66,166.47,"$356,515,453","$487,952,764"
2019-09-27T00:00:00Z,357638.79,170.22,"$372,493,602","$486,110,110"
2019-09-28T00:00:00Z,357515.98,166.06,"$364,118,146","$509,301,718"
2019-09-29T00:00:00Z,357360.26,174.39,"$382,668,790","$512,450,800"
2019-09-30T00:00:00Z,356395.96,174.14,"$381,490,102","$502,329,205"
2019-10-01T00:00:00Z,355639.66,169.68,"$372,099,417","$518,571,590"
2019-10-02T00:00:00Z,354409.98,181.47,"$398,072,795","$511,459,258"
2019-10-03T00:00:00Z,352868.67,176.39,"$387,935,612","$527,717,477"
2019-10-04T00:00:00Z,350467.52,181.06,"$398,128,416","$512,008,810"
2019-10-05T00:00:00Z,348267.71,175.17,"$386,801,565","$510,721,705"
2019-10-06T00:00:00Z,347955.96,176.21,"$388,650,580","$522,550,979"
2019-10-07T00:00:00Z,345939.27,176.9,"$390,911,186","$504,272,992"
2019-10-08T00:00:00Z,345238.72,170.26,"$376,915,205","$531,034,978"
2019-10-09T00:00:00Z,343391.42,180.49,"$400,269,847","$536,298,690"
2019-10-10T00:00:00Z,342470.72,181.09,"$405,707,567","$573,409,579"
2019-10-11T00:00:00Z,341592.48,193.43,"$434,486,112","$572,964,149"
2019-10-12T00:00:00Z,333522.13,191.73,"$431,047,777","$543,658,845"
2019-10-13T00:00:00Z,330868.66,180.94,"$406,267,795","$543,404,817"
2019-10-14T00:00:00Z,352902.7,180.09,"$404,394,299","$549,988,336"
2019-10-15T00:00:00Z,351229.64,181.37,"$405,663,527","$565,461,366"
2019-10-16T00:00:00Z,350595.91,186.96,"$418,400,512","$537,474,703"
2019-10-17T00:00:00Z,351854.35,180.74,"$402,974,925","$536,235,085"
2019-10-18T00:00:00Z,351476.28,174.76,"$389,670,248","$543,365,940"
2019-10-19T00:00:00Z,351199.59,177.5,"$396,775,319","$533,658,061"
2019-10-20T00:00:00Z,349287.81,173.29,"$387,330,190","$540,620,816"
2019-10-21T00:00:00Z,347476.67,172.37,"$385,521,637","$550,114,976"
2019-10-22T00:00:00Z,347101.27,175.84,"$393,542,899","$551,127,613"
2019-10-23T00:00:00Z,345577,174.64,"$391,359,353","$542,447,773"
2019-10-24T00:00:00Z,286480.34,171.64,"$397,663,363","$542,266,008"
2019-10-25T00:00:00Z,276080.67,162.72,"$378,637,311","$548,147,149"
2019-10-26T00:00:00Z,272823.26,161.07,"$376,736,429","$610,012,241"
2019-10-27T00:00:00Z,271521.89,181.79,"$432,483,664","$601,835,506"
2019-10-28T00:00:00Z,271118.1,180.16,"$429,474,702","$619,639,082"
2019-10-29T00:00:00Z,254503.75,184.34,"$441,253,817","$613,529,605"
2019-10-30T00:00:00Z,254857.6,182.09,"$436,242,411","$642,763,106"
2019-10-31T00:00:00Z,253593.17,191.11,"$458,004,002","$622,836,022"
2019-11-01T00:00:00Z,253163.66,183.52,"$439,806,840","$617,141,935"
2019-11-02T00:00:00Z,251356.15,182.59,"$439,731,751","$624,068,302"
2019-11-03T00:00:00Z,250735.24,183.4,"$440,698,925","$627,067,702"
2019-11-04T00:00:00Z,250447.43,183.45,"$441,293,090","$622,430,048"
2019-11-05T00:00:00Z,250656.11,181.92,"$440,421,480","$640,924,477"
2019-11-06T00:00:00Z,250619.97,186.49,"$451,491,111","$651,820,901"
2019-11-07T00:00:00Z,250130.23,188.96,"$459,536,038","$664,728,705"
2019-11-08T00:00:00Z,249329.79,191.24,"$465,822,082","$653,733,571"
2019-11-09T00:00:00Z,246326.78,186.54,"$459,759,031","$650,312,105"
2019-11-10T00:00:00Z,242596.43,183.85,"$453,369,927","$658,040,550"
2019-11-11T00:00:00Z,241445.5,185.11,"$455,510,725","$659,612,712"
2019-11-12T00:00:00Z,241113.61,189.29,"$466,680,001","$654,742,713"
2019-11-13T00:00:00Z,241427.2,184.91,"$459,041,246","$662,413,362"
2019-11-14T00:00:00Z,241649,187.09,"$465,642,378","$663,921,519"
2019-11-15T00:00:00Z,241527.39,188.1,"$468,320,062","$653,592,991"
2019-11-16T00:00:00Z,240544.11,184.68,"$461,479,684","$646,641,701"
2019-11-17T00:00:00Z,240486.47,180.03,"$449,390,600","$657,935,649"
2019-11-18T00:00:00Z,240255.01,182.61,"$454,788,005","$677,320,176"
2019-11-19T00:00:00Z,239885.17,184.2,"$458,818,621","$660,639,303"
2019-11-20T00:00:00Z,239010.75,178.23,"$445,881,807","$669,419,276"
2019-11-21T00:00:00Z,238841.2,175.96,"$441,505,500","$677,649,194"
2019-11-22T00:00:00Z,236274.15,174.68,"$446,532,147","$639,902,250"
2019-11-23T00:00:00Z,235957.22,161.18,"$425,929,386","$633,027,468"
2019-11-24T00:00:00Z,222729.2,150.22,"$396,739,248","$649,001,395"
2019-11-25T00:00:00Z,215592.68,152.42,"$403,972,927","$621,591,179"
2019-11-26T00:00:00Z,212568.33,140.42,"$379,370,852","$656,166,586"
2019-11-27T00:00:00Z,211583.57,146.22,"$395,564,891","$663,016,900"
2019-11-28T00:00:00Z,210288.12,148,"$400,569,658","$687,913,926"
2019-11-29T00:00:00Z,208181.18,153.05,"$414,510,457","$680,115,101"
2019-11-30T00:00:00Z,213715.51,151.31,"$407,772,193","$689,405,106"
2019-12-01T00:00:00Z,212229.71,154.94,"$417,356,150","$685,405,676"
2019-12-02T00:00:00Z,212060.26,152.2,"$409,662,753","$665,290,109"
2019-12-03T00:00:00Z,212200.52,151.36,"$409,497,738","$667,599,590"
2019-12-04T00:00:00Z,211354.16,149.36,"$403,863,609","$673,937,772"
2019-12-05T00:00:00Z,209858.44,147.73,"$399,263,158","$657,437,906"
2019-12-06T00:00:00Z,208823.47,145.73,"$395,098,142","$661,389,916"
2019-12-07T00:00:00Z,208111.6,148.32,"$401,232,972","$668,406,599"
2019-12-08T00:00:00Z,208255.02,149.06,"$404,734,532","$676,694,246"
2019-12-09T00:00:00Z,208111.42,147.79,"$402,168,430","$683,096,427"
2019-12-10T00:00:00Z,206815.59,151.06,"$414,385,790","$673,643,209"
2019-12-11T00:00:00Z,205467.58,147.68,"$401,066,631","$659,992,689"
2019-12-12T00:00:00Z,204994.01,145.92,"$396,581,802","$664,224,923"
2019-12-13T00:00:00Z,203377.96,143.61,"$394,793,992","$666,060,962"
2019-12-14T00:00:00Z,202075.11,145.05,"$399,162,016","$672,853,299"
2019-12-15T00:00:00Z,198879.48,144.97,"$400,330,561","$667,836,029"
2019-12-16T00:00:00Z,197349.09,142.18,"$393,033,787","$669,549,609"
2019-12-17T00:00:00Z,196754.53,142.74,"$404,838,407","$647,013,624"
2019-12-18T00:00:00Z,196332.07,132.68,"$382,101,315","$612,741,960"
2019-12-19T00:00:00Z,196562.39,122.11,"$353,340,080","$664,860,993"
2019-12-20T00:00:00Z,199675.51,133.07,"$391,870,830","$656,956,512"
2019-12-21T00:00:00Z,199284.76,128.31,"$377,899,476","$669,787,330"
2019-12-22T00:00:00Z,199436.8,128.58,"$379,432,157","$672,489,272"
2019-12-23T00:00:00Z,202436.32,127.52,"$377,223,548","$687,480,632"
2019-12-24T00:00:00Z,203576.55,132.56,"$389,749,766","$667,653,278"
2019-12-25T00:00:00Z,202251.65,128.1,"$376,299,682","$665,898,237"
2019-12-26T00:00:00Z,193014.51,128.02,"$377,123,988","$661,173,563"
2019-12-27T00:00:00Z,191260.23,125.1,"$370,269,418","$656,913,258"
2019-12-28T00:00:00Z,186658.06,125.73,"$369,750,315","$662,182,800"
2019-12-29T00:00:00Z,185943.72,126.5,"$376,290,361","$669,956,853"
2019-12-30T00:00:00Z,184307.73,128.21,"$377,820,445","$693,745,887"
2019-12-31T00:00:00Z,184704.32,134.55,"$398,010,548","$676,173,012"
2020-01-01T00:00:00Z,183866.51,131.41,"$391,525,223","$672,529,261"
2020-01-02T00:00:00Z,182865.13,128.91,"$385,128,215","$687,562,899"
2020-01-03T00:00:00Z,182285.95,130.6,"$392,725,801","$658,377,269"
2020-01-04T00:00:00Z,178516.38,127.18,"$383,412,433","$684,611,620"
2020-01-05T00:00:00Z,177102.99,134.25,"$405,322,462","$689,708,060"
2020-01-06T00:00:00Z,175254.22,134.33,"$406,490,397","$690,965,021"
2020-01-07T00:00:00Z,175552.37,135.44,"$412,153,318","$692,408,298"
2020-01-08T00:00:00Z,175035.84,144.28,"$444,469,473","$707,920,553"
2020-01-09T00:00:00Z,172356.51,143.18,"$440,512,790","$687,711,193"
2020-01-10T00:00:00Z,165614.62,140.66,"$432,990,516","$669,695,059"
2020-01-11T00:00:00Z,160944.8,137.9,"$428,020,556","$702,195,781"
2020-01-12T00:00:00Z,158576.06,144.88,"$449,745,053","$678,279,048"
2020-01-13T00:00:00Z,156883.02,142.69,"$443,540,247","$698,343,081"
2020-01-14T00:00:00Z,155593.06,146.55,"$456,485,748","$715,936,908"
2020-01-15T00:00:00Z,155792.35,143.7,"$447,300,307","$795,935,613"
2020-01-16T00:00:00Z,155189.31,165.86,"$518,288,782","$796,834,016"
2020-01-17T00:00:00Z,153394.47,166.22,"$521,751,110","$799,459,070"
2020-01-18T00:00:00Z,150580.62,164.09,"$516,583,430","$829,010,157"
2020-01-19T00:00:00Z,150305.55,169.74,"$535,610,372","$840,163,023"
2020-01-20T00:00:00Z,146237.92,174,"$551,307,326","$813,164,814"
2020-01-21T00:00:00Z,143119.42,166.94,"$529,897,507","$811,082,109"
2020-01-22T00:00:00Z,145483.55,166.77,"$531,690,864","$830,130,065"
2020-01-23T00:00:00Z,131935.42,169.36,"$541,414,543","$829,181,980"
2020-01-24T00:00:00Z,122095.53,167.79,"$536,171,301","$802,793,096"
2020-01-25T00:00:00Z,119195.55,162.63,"$519,366,469","$798,626,491"
2020-01-26T00:00:00Z,115917.04,162.45,"$519,469,659","$801,664,478"
2020-01-27T00:00:00Z,114731.82,160.36,"$514,236,773","$829,901,906"
2020-01-28T00:00:00Z,114592.51,167.72,"$538,724,181","$847,294,111"
2020-01-29T00:00:00Z,114645.53,169.95,"$549,748,359","$881,570,892"
2020-01-30T00:00:00Z,113559.82,176,"$569,141,897","$865,043,630"
2020-01-31T00:00:00Z,112835.42,173.55,"$560,132,335","$915,339,439"
2020-02-01T00:00:00Z,111350.81,184.47,"$596,409,640","$896,589,858"
2020-02-02T00:00:00Z,110253.96,179.76,"$581,590,106","$913,569,277"
2020-02-03T00:00:00Z,105503.05,183.66,"$584,223,872","$919,978,421"
2020-02-04T00:00:00Z,108830.57,188.39,"$599,323,442","$922,492,528"
2020-02-05T00:00:00Z,107972.08,189.77,"$605,620,017","$935,818,334"
2020-02-06T00:00:00Z,105311.01,188.44,"$601,294,990","$976,858,033"
2020-02-07T00:00:00Z,101638.21,203.85,"$647,980,137","$1,004,326,462"
2020-02-08T00:00:00Z,97704.88,212.88,"$674,066,702","$1,027,495,555"
2020-02-09T00:00:00Z,98025.72,223.14,"$706,608,800","$1,029,582,640"
2020-02-10T00:00:00Z,97718.72,223.2,"$707,051,282","$1,028,954,729"
2020-02-11T00:00:00Z,96766.73,228.6,"$723,682,689","$1,024,119,222"
2020-02-12T00:00:00Z,96458.29,223.11,"$707,877,313","$1,085,388,213"
2020-02-13T00:00:00Z,97292.32,237.8,"$748,168,388","$1,175,893,040"
2020-02-14T00:00:00Z,98444.06,266.13,"$837,201,848","$1,174,507,463"
2020-02-15T00:00:00Z,97398.16,268.56,"$841,209,532","$1,238,599,574"
2020-02-16T00:00:00Z,97437.29,285.79,"$885,200,393","$1,150,897,287"
2020-02-17T00:00:00Z,97814.79,264.85,"$825,286,539","$1,137,945,471"
2020-02-18T00:00:00Z,97453.79,259.43,"$803,738,801","$1,170,143,724"
2020-02-19T00:00:00Z,97508.08,268.07,"$824,282,028","$1,210,493,082"
2020-02-20T00:00:00Z,96582.65,282.92,"$808,355,974","$1,062,385,189"
2020-02-21T00:00:00Z,95881.28,258.72,"$735,799,333","$1,060,238,761"
2020-02-22T00:00:00Z,95947.7,257.7,"$733,316,728","$1,091,539,628"
2020-02-23T00:00:00Z,95208.17,265.6,"$751,679,670","$1,084,438,761"
2020-02-24T00:00:00Z,92108.27,262.31,"$746,324,074","$1,120,879,250"
2020-02-25T00:00:00Z,90525.47,275.64,"$784,087,256","$1,091,049,172"
2020-02-26T00:00:00Z,90687.81,265.74,"$759,636,533","$1,029,586,153"
2020-02-27T00:00:00Z,89884.94,246.84,"$709,799,064","$952,158,444"
2020-02-28T00:00:00Z,89867.39,223.73,"$648,739,540","$994,487,740"
2020-02-29T00:00:00Z,89966.28,227.57,"$660,703,287","$988,501,297"
2020-03-01T00:00:00Z,90382.95,227.56,"$661,431,576","$968,842,460"
2020-03-02T00:00:00Z,90506.84,217.68,"$629,714,060","$947,472,495"
2020-03-03T00:00:00Z,90587.83,218.02,"$631,140,275","$1,002,555,082"
2020-03-04T00:00:00Z,90562.64,232.09,"$673,407,689","$961,965,741"
2020-03-05T00:00:00Z,90424.71,223.77,"$649,654,390","$986,411,863"
2020-03-06T00:00:00Z,84005.75,224.68,"$653,160,040","$982,491,418"
2020-03-07T00:00:00Z,82995.9,228.7,"$661,072,961","$1,035,560,070"
2020-03-08T00:00:00Z,81857.31,245.76,"$715,061,937","$1,014,165,584"
2020-03-09T00:00:00Z,81524.9,237.78,"$694,640,106","$876,532,512"
2020-03-10T00:00:00Z,80845.45,199.68,"$604,406,244","$927,878,142"
2020-03-11T00:00:00Z,80413.99,203.08,"$595,370,755","$906,177,126"
2020-03-12T00:00:00Z,72550.19,200.62,"$586,734,065","$892,110,148"
2020-03-13T00:00:00Z,72348.14,194.86,"$591,186,931","$558,092,140"
2020-03-14T00:00:00Z,71929.01,109.78,"$333,167,263","$658,575,268"
2020-03-15T00:00:00Z,68853.89,135.44,"$402,608,726","$592,101,636"
2020-03-16T00:00:00Z,64384.22,122.58,"$354,847,081","$577,782,572"
2020-03-17T00:00:00Z,62938.68,123.53,"$353,400,423","$529,379,069"
2020-03-18T00:00:00Z,62319.48,111.32,"$310,294,112","$536,307,776"
2020-03-19T00:00:00Z,59667.33,116.3,"$322,065,111","$552,626,642"
2020-03-20T00:00:00Z,59327.33,118.62,"$324,994,527","$608,307,243"
2020-03-21T00:00:00Z,60096.63,136.7,"$374,192,496","$598,398,004"
2020-03-22T00:00:00Z,60384.29,133.4,"$364,891,017","$656,372,794"
2020-03-23T00:00:00Z,60628.16,132.72,"$362,203,070","$560,950,765"
2020-03-24T00:00:00Z,61603.57,122.44,"$329,682,197","$602,799,808"
2020-03-25T00:00:00Z,61658.61,136.74,"$369,392,939","$622,575,694"
2020-03-26T00:00:00Z,62091.57,139.07,"$376,476,026","$616,543,994"
2020-03-27T00:00:00Z,62961.9,136.28,"$375,348,341","$637,591,523"
2020-03-28T00:00:00Z,62910.06,138.97,"$385,514,381","$614,571,599"
2020-03-29T00:00:00Z,62412.33,131.51,"$367,633,708","$614,481,856"
2020-03-30T00:00:00Z,62103.68,131.34,"$370,043,258","$591,768,189"
2020-03-31T00:00:00Z,62488.44,124.55,"$350,654,037","$592,891,012"
2020-04-01T00:00:00Z,60891.08,132.31,"$376,719,550","$630,216,778"
2020-04-02T00:00:00Z,60919.44,133.17,"$378,211,640","$644,489,389"
2020-04-03T00:00:00Z,60297.59,136.05,"$384,962,898","$658,853,192"
2020-04-04T00:00:00Z,56294.71,141.59,"$401,243,789","$657,309,161"
2020-04-05T00:00:00Z,58709.38,141.45,"$401,386,778","$668,883,108"
2020-04-06T00:00:00Z,61031.76,144.49,"$410,257,209","$665,155,979"
2020-04-07T00:00:00Z,62202.06,142.88,"$397,488,424","$741,672,250"
2020-04-08T00:00:00Z,61558.59,171.62,"$462,203,720","$718,210,232"
2020-04-09T00:00:00Z,63367.26,164.66,"$439,550,600","$741,310,029"
2020-04-10T00:00:00Z,63948.54,173.41,"$464,427,413","$730,982,539"
2020-04-11T00:00:00Z,65638.46,169.92,"$460,398,792","$690,339,476"
2020-04-12T00:00:00Z,65770.9,158.12,"$428,393,952","$695,520,290"
2020-04-13T00:00:00Z,65142.87,158.67,"$429,665,395","$700,721,170"
2020-04-14T00:00:00Z,65271.66,158.75,"$428,517,820","$695,784,280"
2020-04-15T00:00:00Z,64231.57,156.82,"$424,041,765","$707,243,194"
2020-04-16T00:00:00Z,63097.87,158.6,"$431,755,676","$687,215,895"
2020-04-17T00:00:00Z,56390.49,152.85,"$412,654,155","$746,931,789"
2020-04-18T00:00:00Z,55278.36,172.58,"$467,692,873","$744,081,617"
2020-04-19T00:00:00Z,55465.88,170.98,"$467,392,552","$797,344,430"
2020-04-19T20:00:00Z,55015.37,187.81,"$507,712,918","$766,637,216"
