DATE,BOGMBASEW_CHG
1975-01-15,-1029
1975-01-22,97
1975-01-29,-1630
1975-02-05,-297
1975-02-12,-368
1975-02-19,-30
1975-02-26,-712
1975-03-05,-19
1975-03-12,57
1975-03-19,876
1975-03-26,370
1975-04-02,203
1975-04-09,-242
1975-04-16,910
1975-04-23,267
1975-04-30,-676
1975-05-07,-80
1975-05-14,-174
1975-05-21,1135
1975-05-28,-533
1975-06-04,582
1975-06-11,-329
1975-06-18,1473
1975-06-25,58
1975-07-02,752
1975-07-09,-263
1975-07-16,462
1975-07-23,275
1975-07-30,-1100
1975-08-06,-329
1975-08-13,37
1975-08-20,1194
1975-08-27,-742
1975-09-03,44
1975-09-10,-321
1975-09-17,544
1975-09-24,-140
1975-10-01,157
1975-10-08,-769
1975-10-15,1152
1975-10-22,703
1975-10-29,-752
1975-11-05,323
1975-11-12,-332
1975-11-19,2036
1975-11-26,199
1975-12-03,169
1975-12-10,-170
1975-12-17,1172
1975-12-24,449
1975-12-31,680
1976-01-07,-454
1976-01-14,-1596
1976-01-21,-308
1976-01-28,-1487
1976-02-04,42
1976-02-11,-705
1976-02-18,1666
1976-02-25,-867
1976-03-03,32
1976-03-10,-420
1976-03-17,1271
1976-03-24,395
1976-03-31,58
1976-04-07,-217
1976-04-14,975
1976-04-21,1790
1976-04-28,-1093
1976-05-05,749
1976-05-12,-1292
1976-05-19,1148
1976-05-26,-537
1976-06-02,398
1976-06-09,-235
1976-06-16,1251
1976-06-23,-411
1976-06-30,597
1976-07-07,449
1976-07-14,-72
1976-07-21,1054
1976-07-28,-1420
1976-08-04,586
1976-08-11,-694
1976-08-18,1358
1976-08-25,-628
1976-09-01,-422
1976-09-08,-85
1976-09-15,552
1976-09-22,190
1976-09-29,-282
1976-10-06,318
1976-10-13,-27
1976-10-20,1811
1976-10-27,-1288
1976-11-03,527
1976-11-10,-92
1976-11-17,2109
1976-11-24,-12
1976-12-01,446
1976-12-08,-605
1976-12-15,1333
1976-12-22,795
1976-12-29,511
1977-01-05,-194
1977-01-12,-1139
1977-01-19,69
1977-01-26,-1069
1977-02-02,-1383
1977-02-09,-327
1977-02-16,520
1977-02-23,442
1977-03-02,-703
1977-03-09,16
1977-03-16,907
1977-03-23,902
1977-03-30,-43
1977-04-06,-67
1977-04-13,543
1977-04-20,2094
1977-04-27,-1039
1977-05-04,190
1977-05-11,-580
1977-05-18,947
1977-05-25,-894
1977-06-01,558
1977-06-08,-320
1977-06-15,647
1977-06-22,793
1977-06-29,64
1977-07-06,1619
1977-07-13,-423
1977-07-20,1657
1977-07-27,-1720
1977-08-03,820
1977-08-10,-553
1977-08-17,889
1977-08-24,-373
1977-08-31,-277
1977-09-07,23
1977-09-14,409
1977-09-21,413
1977-09-28,-673
1977-10-05,1142
1977-10-12,-707
1977-10-19,2302
1977-10-26,-993
1977-11-02,46
1977-11-09,252
1977-11-16,1627
1977-11-23,724
1977-11-30,-263
1977-12-07,-174
1977-12-14,781
1977-12-21,1638
1977-12-28,516
1978-01-04,1279
1978-01-11,-1529
1978-01-18,435
1978-01-25,-2151
1978-02-01,-886
1978-02-08,75
1978-02-15,461
1978-02-22,741
1978-03-01,-1308
1978-03-08,-185
1978-03-15,443
1978-03-22,1504
1978-03-29,-61
1978-04-05,437
1978-04-12,-425
1978-04-19,2493
1978-04-26,-996
1978-05-03,664
1978-05-10,-273
1978-05-17,893
1978-05-24,-505
1978-05-31,338
1978-06-07,-188
1978-06-14,1120
1978-06-21,914
1978-06-28,-728
1978-07-05,2479
1978-07-12,-1459
1978-07-19,3054
1978-07-26,-2570
1978-08-02,-270
1978-08-09,-558
1978-08-16,1195
1978-08-23,267
1978-08-30,-453
1978-09-06,528
1978-09-13,-91
1978-09-20,931
1978-09-27,-426
1978-10-04,655
1978-10-11,-79
1978-10-18,1699
1978-10-25,-663
1978-11-01,-404
1978-11-08,209
1978-11-15,933
1978-11-22,4796
1978-11-29,-27
1978-12-06,93
1978-12-13,-410
1978-12-20,2042
1978-12-27,368
1979-01-03,2150
1979-01-10,-2570
1979-01-17,419
1979-01-24,-2207
1979-01-31,-1090
1979-02-07,-755
1979-02-14,-193
1979-02-21,1521
1979-02-28,-1660
1979-03-07,916
1979-03-14,-427
1979-03-21,1725
1979-03-28,-1307
1979-04-04,1138
1979-04-11,-371
1979-04-18,2906
1979-04-25,-599
1979-05-02,75
1979-05-09,-1151
1979-05-16,722
1979-05-23,-168
1979-05-30,-10
1979-06-06,403
1979-06-13,-22
1979-06-20,1804
1979-06-27,-728
1979-07-04,2025
1979-07-11,-1043
1979-07-18,2479
1979-07-25,-1076
1979-08-01,-554
1979-08-08,-280
1979-08-15,994
1979-08-22,773
1979-08-29,-498
1979-09-05,575
1979-09-12,-493
1979-09-19,1260
1979-09-26,-628
1979-10-03,721
1979-10-10,0
1979-10-17,2062
1979-10-24,-559
1979-10-31,682
1979-11-07,-684
1979-11-14,1310
1979-11-21,2196
1979-11-28,-363
1979-12-05,111
1979-12-12,-106
1979-12-19,1929
1979-12-26,1032
1980-01-02,1063
1980-01-09,-511
1980-01-16,-1894
1980-01-23,-1480
1980-01-30,-1404
1980-02-06,-355
1980-02-13,-703
1980-02-20,3297
1980-02-27,-2043
1980-03-05,78
1980-03-12,-272
1980-03-19,2460
1980-03-26,-664
1980-04-02,725
1980-04-09,1069
1980-04-16,888
1980-04-23,1142
1980-04-30,-1867
1980-05-07,-158
1980-05-14,-224
1980-05-21,1921
1980-05-28,-836
1980-06-04,928
1980-06-11,-895
1980-06-18,644
1980-06-25,347
1980-07-02,884
1980-07-09,80
1980-07-16,1196
1980-07-23,347
1980-07-30,-4430
1980-08-06,242
1980-08-13,-302
1980-08-20,2710
1980-08-27,-1327
1980-09-03,848
1980-09-10,-670
1980-09-17,810
1980-09-24,262
1980-10-01,-37
1980-10-08,-356
1980-10-15,1116
1980-10-22,2071
1980-10-29,-1320
1980-11-05,660
1980-11-12,824
1980-11-19,-862
1980-11-26,-194
1980-12-03,499
1980-12-10,-552
1980-12-17,1823
1980-12-24,749
1980-12-31,665
1981-01-07,-562
1981-01-14,-2507
1981-01-21,-604
1981-01-28,-2803
1981-02-04,-181
1981-02-11,-373
1981-02-18,2431
1981-02-25,-982
1981-03-04,-27
1981-03-11,-1183
1981-03-18,2198
1981-03-25,94
1981-04-01,565
1981-04-08,-625
1981-04-15,1995
1981-04-22,1892
1981-04-29,-1281
1981-05-06,171
1981-05-13,-743
1981-05-20,1837
1981-05-27,-799
1981-06-03,-292
1981-06-10,-205
1981-06-17,1012
1981-06-24,848
1981-07-01,72
1981-07-08,499
1981-07-15,793
1981-07-22,1927
1981-07-29,-2747
1981-08-05,-184
1981-08-12,224
1981-08-19,2277
1981-08-26,-951
1981-09-02,-1062
1981-09-09,-1391
1981-09-16,764
1981-09-23,509
1981-09-30,-1490
1981-10-07,-484
1981-10-14,1118
1981-10-21,2388
1981-10-28,-2046
1981-11-04,-114
1981-11-11,672
1981-11-18,2518
1981-11-25,449
1981-12-02,356
1981-12-09,-390
1981-12-16,1836
1981-12-23,1626
1981-12-30,532
1982-01-06,300
1982-01-13,-2718
1982-01-20,912
1982-01-27,-3455
1982-02-03,-106
1982-02-10,-1124
1982-02-17,2778
1982-02-24,-1427
1982-03-03,-546
1982-03-10,-2589
1982-03-17,2277
1982-03-24,314
1982-03-31,-683
1982-04-07,63
1982-04-14,1731
1982-04-21,2842
1982-04-28,-1846
1982-05-05,70
1982-05-12,-71
1982-05-19,1750
1982-05-26,-891
1982-06-02,1056
1982-06-09,-359
1982-06-16,1566
1982-06-23,-104
1982-06-30,-356
1982-07-07,1127
1982-07-14,77
1982-07-21,2373
1982-07-28,-2855
1982-08-04,172
1982-08-11,443
1982-08-18,2157
1982-08-25,-834
1982-09-01,-742
1982-09-08,-588
1982-09-15,305
1982-09-22,941
1982-09-29,-1807
1982-10-06,723
1982-10-13,562
1982-10-20,3173
1982-10-27,-1766
1982-11-03,-3
1982-11-10,423
1982-11-17,2445
1982-11-24,352
1982-12-01,253
1982-12-08,-389
1982-12-15,1465
1982-12-22,2154
1982-12-29,580
1983-01-05,-21
1983-01-12,-2874
1983-01-19,30
1983-01-26,-2870
1983-02-02,-712
1983-02-09,-536
1983-02-16,1759
1983-02-23,804
1983-03-02,-491
1983-03-09,-1677
1983-03-16,839
1983-03-23,1731
1983-03-30,-759
1983-04-06,754
1983-04-13,781
1983-04-20,2477
1983-04-27,-1733
1983-05-04,722
1983-05-11,-218
1983-05-18,1160
1983-05-25,-133
1983-06-01,626
1983-06-08,435
1983-06-15,367
1983-06-22,1046
1983-06-29,-566
1983-07-06,1831
1983-07-13,-618
1983-07-20,2507
1983-07-27,-2937
1983-08-03,415
1983-08-10,152
1983-08-17,1409
1983-08-24,-207
1983-08-31,-1051
1983-09-07,124
1983-09-14,-269
1983-09-21,1273
1983-09-28,-2347
1983-10-05,948
1983-10-12,789
1983-10-19,2314
1983-10-26,-485
1983-11-02,-1148
1983-11-09,862
1983-11-16,2135
1983-11-23,1260
1983-11-30,-9
1983-12-07,-303
1983-12-14,397
1983-12-21,2744
1983-12-28,212
1984-01-04,1929
1984-01-11,-2014
1984-01-18,-1742
1984-01-25,-2252
1984-02-01,-1209
1984-02-08,-1235
1984-02-15,0
1984-02-22,-326
1984-02-29,0
1984-03-07,2315
1984-03-14,0
1984-03-21,-150
1984-03-28,0
1984-04-04,2703
1984-04-11,0
1984-04-18,1307
1984-04-25,0
1984-05-02,-447
1984-05-09,0
1984-05-16,348
1984-05-23,0
1984-05-30,842
1984-06-06,0
1984-06-13,2673
1984-06-20,0
1984-06-27,33
1984-07-04,0
1984-07-11,2523
1984-07-18,0
1984-07-25,-2283
1984-08-01,0
1984-08-08,829
1984-08-15,0
1984-08-22,-1429
1984-08-29,0
1984-09-05,2758
1984-09-12,0
1984-09-19,-1460
1984-09-26,0
1984-10-03,932
1984-10-10,0
1984-10-17,-390
1984-10-24,0
1984-10-31,965
1984-11-07,0
1984-11-14,1807
1984-11-21,0
1984-11-28,1698
1984-12-05,0
1984-12-12,1659
1984-12-19,0
1984-12-26,3149
1985-01-02,0
1985-01-09,-815
1985-01-16,0
1985-01-23,-6330
1985-01-30,0
1985-02-06,-226
1985-02-13,0
1985-02-20,927
1985-02-27,0
1985-03-06,2470
1985-03-13,0
1985-03-20,-1126
1985-03-27,0
1985-04-03,2614
1985-04-10,0
1985-04-17,1692
1985-04-24,0
1985-05-01,-704
1985-05-08,0
1985-05-15,796
1985-05-22,0
1985-05-29,2028
1985-06-05,0
1985-06-12,2420
1985-06-19,0
1985-06-26,-280
1985-07-03,0
1985-07-10,3447
1985-07-17,0
1985-07-24,-2904
1985-07-31,0
1985-08-07,2042
1985-08-14,0
1985-08-21,-974
1985-08-28,0
1985-09-04,2842
1985-09-11,0
1985-09-18,-525
1985-09-25,0
1985-10-02,464
1985-10-09,0
1985-10-16,1568
1985-10-23,0
1985-10-30,76
1985-11-06,0
1985-11-13,2842
1985-11-20,0
1985-11-27,2138
1985-12-04,0
1985-12-11,2663
1985-12-18,0
1985-12-25,2173
1986-01-01,0
1986-01-08,-601
1986-01-15,0
1986-01-22,-7633
1986-01-29,0
1986-02-05,-1692
1986-02-12,0
1986-02-19,2077
1986-02-26,0
1986-03-05,2392
1986-03-12,0
1986-03-19,2
1986-03-26,0
1986-04-02,2996
1986-04-09,0
1986-04-16,1996
1986-04-23,0
1986-04-30,-869
1986-05-07,0
1986-05-14,997
1986-05-21,0
1986-05-28,2032
1986-06-04,0
1986-06-11,2819
1986-06-18,0
1986-06-25,-818
1986-07-02,0
1986-07-09,4543
1986-07-16,0
1986-07-23,-2735
1986-07-30,0
1986-08-06,1242
1986-08-13,0
1986-08-20,-324
1986-08-27,0
1986-09-03,2704
1986-09-10,0
1986-09-17,-460
1986-09-24,0
1986-10-01,-194
1986-10-08,0
1986-10-15,2914
1986-10-22,0
1986-10-29,141
1986-11-05,0
1986-11-12,4166
1986-11-19,0
1986-11-26,1703
1986-12-03,0
1986-12-10,2862
1986-12-17,0
1986-12-24,5124
1986-12-31,0
1987-01-07,-511
1987-01-14,0
1987-01-21,-7365
1987-01-28,0
1987-02-04,-1976
1987-02-11,0
1987-02-18,658
1987-02-25,0
1987-03-04,1811
1987-03-11,0
1987-03-18,38
1987-03-25,0
1987-04-01,2175
1987-04-08,0
1987-04-15,4652
1987-04-22,0
1987-04-29,-1405
1987-05-06,0
1987-05-13,437
1987-05-20,0
1987-05-27,1274
1987-06-03,0
1987-06-10,2477
1987-06-17,0
1987-06-24,-2008
1987-07-01,0
1987-07-08,4399
1987-07-15,0
1987-07-22,-2925
1987-07-29,0
1987-08-05,1332
1987-08-12,0
1987-08-19,-775
1987-08-26,0
1987-09-02,1606
1987-09-09,0
1987-09-16,1324
1987-09-23,0
1987-09-30,-1179
1987-10-07,0
1987-10-14,1971
1987-10-21,0
1987-10-28,2589
1987-11-04,0
1987-11-11,1833
1987-11-18,0
1987-11-25,1147
1987-12-02,0
1987-12-09,3021
1987-12-16,0
1987-12-23,1420
1987-12-30,0
1988-01-06,2302
1988-01-13,0
1988-01-20,-5499
1988-01-27,0
1988-02-03,-4567
1988-02-10,0
1988-02-17,847
1988-02-24,0
1988-03-02,1169
1988-03-09,0
1988-03-16,1105
1988-03-23,0
1988-03-30,2403
1988-04-06,0
1988-04-13,4384
1988-04-20,0
1988-04-27,-1653
1988-05-04,0
1988-05-11,732
1988-05-18,0
1988-05-25,-89
1988-06-01,0
1988-06-08,4978
1988-06-15,0
1988-06-22,-1528
1988-06-29,0
1988-07-06,5012
1988-07-13,0
1988-07-20,-2684
1988-07-27,0
1988-08-03,514
1988-08-10,0
1988-08-17,-689
1988-08-24,0
1988-08-31,518
1988-09-07,0
1988-09-14,1172
1988-09-21,0
1988-09-28,-2180
1988-10-05,0
1988-10-12,2190
1988-10-19,0
1988-10-26,-969
1988-11-02,0
1988-11-09,4666
1988-11-16,0
1988-11-23,-848
1988-11-30,0
1988-12-07,3642
1988-12-14,0
1988-12-21,1463
1988-12-28,0
1989-01-04,3383
1989-01-11,0
1989-01-18,-6125
1989-01-25,0
1989-02-01,-7176
1989-02-08,0
1989-02-15,766
1989-02-22,0
1989-03-01,2420
1989-03-08,0
1989-03-15,1728
1989-03-22,0
1989-03-29,395
1989-04-05,0
1989-04-12,3006
1989-04-19,0
1989-04-26,-1059
1989-05-03,0
1989-05-10,-305
1989-05-17,0
1989-05-24,-1333
1989-05-31,0
1989-06-07,4652
1989-06-14,0
1989-06-21,-2167
1989-06-28,0
1989-07-05,5272
1989-07-12,0
1989-07-19,-2833
1989-07-26,0
1989-08-02,-884
1989-08-09,0
1989-08-16,16
1989-08-23,0
1989-08-30,-77
1989-09-06,0
1989-09-13,1764
1989-09-20,0
1989-09-27,-3531
1989-10-04,0
1989-10-11,3207
1989-10-18,0
1989-10-25,-1406
1989-11-01,0
1989-11-08,3412
1989-11-15,0
1989-11-22,1099
1989-11-29,0
1989-12-06,3909
1989-12-13,0
1989-12-20,2776
1989-12-27,0
1990-01-03,3530
1990-01-10,0
1990-01-17,-5431
1990-01-24,0
1990-01-31,-7753
1990-02-07,0
1990-02-14,2235
1990-02-21,0
1990-02-28,2660
1990-03-07,0
1990-03-14,2637
1990-03-21,0
1990-03-28,273
1990-04-04,0
1990-04-11,5583
1990-04-18,0
1990-04-25,-1544
1990-05-02,0
1990-05-09,703
1990-05-16,0
1990-05-23,-1613
1990-05-30,0
1990-06-06,5582
1990-06-13,0
1990-06-20,-931
1990-06-27,0
1990-07-04,3756
1990-07-11,0
1990-07-18,-1251
1990-07-25,0
1990-08-01,-124
1990-08-08,0
1990-08-15,2064
1990-08-22,0
1990-08-29,935
1990-09-05,0
1990-09-12,3428
1990-09-19,0
1990-09-26,-3181
1990-10-03,0
1990-10-10,3380
1990-10-17,0
1990-10-24,-1945
1990-10-31,0
1990-11-07,4583
1990-11-14,0
1990-11-21,1737
1990-11-28,0
1990-12-05,2033
1990-12-12,0
1990-12-19,-2093
1990-12-26,0
1991-01-02,1088
1991-01-09,0
1991-01-16,-6726
1991-01-23,0
1991-01-30,-3884
1991-02-06,0
1991-02-13,2302
1991-02-20,0
1991-02-27,1309
1991-03-06,0
1991-03-13,3671
1991-03-20,0
1991-03-27,-692
1991-04-03,0
1991-04-10,4173
1991-04-17,0
1991-04-24,-2400
1991-05-01,0
1991-05-08,1243
1991-05-15,0
1991-05-22,-487
1991-05-29,0
1991-06-05,4064
1991-06-12,0
1991-06-19,-510
1991-06-26,0
1991-07-03,3233
1991-07-10,0
1991-07-17,-784
1991-07-24,0
1991-07-31,-667
1991-08-07,0
1991-08-14,678
1991-08-21,0
1991-08-28,956
1991-09-04,0
1991-09-11,3113
1991-09-18,0
1991-09-25,-4312
1991-10-02,0
1991-10-09,3756
1991-10-16,0
1991-10-23,-552
1991-10-30,0
1991-11-06,4881
1991-11-13,0
1991-11-20,172
1991-11-27,0
1991-12-04,5795
1991-12-11,0
1991-12-18,1516
1991-12-25,0
1992-01-01,3781
1992-01-08,0
1992-01-15,-5564
1992-01-22,0
1992-01-29,-5940
1992-02-05,0
1992-02-12,4184
1992-02-19,0
1992-02-26,815
1992-03-04,0
1992-03-11,4239
1992-03-18,0
1992-03-25,-1415
1992-04-01,0
1992-04-08,-2209
1992-04-15,0
1992-04-22,-214
1992-04-29,0
1992-05-06,1375
1992-05-13,0
1992-05-20,-90
1992-05-27,0
1992-06-03,2482
1992-06-10,0
1992-06-17,196
1992-06-24,0
1992-07-01,1513
1992-07-08,0
1992-07-15,2884
1992-07-22,0
1992-07-29,-310
1992-08-05,0
1992-08-12,2558
1992-08-19,0
1992-08-26,-945
1992-09-02,0
1992-09-09,6096
1992-09-16,0
1992-09-23,-2887
1992-09-30,0
1992-10-07,3595
1992-10-14,0
1992-10-21,84
1992-10-28,0
1992-11-04,4107
1992-11-11,0
1992-11-18,3459
1992-11-25,0
1992-12-02,1062
1992-12-09,0
1992-12-16,3253
1992-12-23,0
1992-12-30,5882
1993-01-06,0
1993-01-13,-5422
1993-01-20,0
1993-01-27,-6169
1993-02-03,0
1993-02-10,3786
1993-02-17,0
1993-02-24,1355
1993-03-03,0
1993-03-10,1722
1993-03-17,0
1993-03-24,899
1993-03-31,0
1993-04-07,4683
1993-04-14,0
1993-04-21,1606
1993-04-28,0
1993-05-05,-1105
1993-05-12,0
1993-05-19,2732
1993-05-26,0
1993-06-02,3744
1993-06-09,0
1993-06-16,444
1993-06-23,0
1993-06-30,2089
1993-07-07,0
1993-07-14,3509
1993-07-21,0
1993-07-28,-3630
1993-08-04,0
1993-08-11,4205
1993-08-18,0
1993-08-25,-537
1993-09-01,0
1993-09-08,4586
1993-09-15,0
1993-09-22,-1956
1993-09-29,0
1993-10-06,3820
1993-10-13,0
1993-10-20,1115
1993-10-27,0
1993-11-03,49
1993-11-10,0
1993-11-17,4272
1993-11-24,0
1993-12-01,1875
1993-12-08,0
1993-12-15,2947
1993-12-22,0
1993-12-29,5401
1994-01-05,0
1994-01-12,-3987
1994-01-19,0
1994-01-26,-5429
1994-02-02,0
1994-02-09,3167
1994-02-16,0
1994-02-23,2729
1994-03-02,0
1994-03-09,390
1994-03-16,0
1994-03-23,1038
1994-03-30,0
1994-04-06,5357
1994-04-13,0
1994-04-20,1213
1994-04-27,0
1994-05-04,-2360
1994-05-11,0
1994-05-18,1623
1994-05-25,0
1994-06-01,3570
1994-06-08,0
1994-06-15,522
1994-06-22,0
1994-06-29,2495
1994-07-06,0
1994-07-13,3381
1994-07-20,0
1994-07-27,-3598
1994-08-03,0
1994-08-10,2607
1994-08-17,0
1994-08-24,-963
1994-08-31,0
1994-09-07,3363
1994-09-14,0
1994-09-21,-3127
1994-09-28,0
1994-10-05,2760
1994-10-12,0
1994-10-19,1063
1994-10-26,0
1994-11-02,275
1994-11-09,0
1994-11-16,5050
1994-11-23,0
1994-11-30,887
1994-12-07,0
1994-12-14,1487
1994-12-21,0
1994-12-28,6448
1995-01-04,0
1995-01-11,-4144
1995-01-18,0
1995-01-25,-8016
1995-02-01,0
1995-02-08,957
1995-02-15,0
1995-02-22,2024
1995-03-01,0
1995-03-08,2737
1995-03-15,0
1995-03-22,1707
1995-03-29,0
1995-04-05,2852
1995-04-12,0
1995-04-19,4201
1995-04-26,0
1995-05-03,-2177
1995-05-10,0
1995-05-17,554
1995-05-24,0
1995-05-31,1324
1995-06-07,0
1995-06-14,-446
1995-06-21,0
1995-06-28,-79
1995-07-05,0
1995-07-12,3197
1995-07-19,0
1995-07-26,-3755
1995-08-02,0
1995-08-09,2356
1995-08-16,0
1995-08-23,-1842
1995-08-30,0
1995-09-06,3230
1995-09-13,0
1995-09-20,-2907
1995-09-27,0
1995-10-04,1064
1995-10-11,0
1995-10-18,1328
1995-10-25,0
1995-11-01,-1638
1995-11-08,0
1995-11-15,3424
1995-11-22,0
1995-11-29,3233
1995-12-06,0
1995-12-13,816
1995-12-20,0
1995-12-27,7905
1996-01-03,0
1996-01-10,-5342
1996-01-17,0
1996-01-24,-10053
1996-01-31,0
1996-02-07,-1439
1996-02-14,0
1996-02-21,2634
1996-02-28,0
1996-03-06,2537
1996-03-13,0
1996-03-20,1197
1996-03-27,0
1996-04-03,2517
1996-04-10,0
1996-04-17,1456
1996-04-24,0
1996-05-01,-3715
1996-05-08,0
1996-05-15,1758
1996-05-22,0
1996-05-29,2824
1996-06-05,0
1996-06-12,329
1996-06-19,0
1996-06-26,1847
1996-07-03,0
1996-07-10,4340
1996-07-17,0
1996-07-24,-3845
1996-07-31,0
1996-08-07,2550
1996-08-14,0
1996-08-21,-201
1996-08-28,0
1996-09-04,3399
1996-09-11,0
1996-09-18,-3011
1996-09-25,0
1996-10-02,-181
1996-10-09,0
1996-10-16,2899
1996-10-23,0
1996-10-30,-1008
1996-11-06,0
1996-11-13,4118
1996-11-20,0
1996-11-27,3378
1996-12-04,0
1996-12-11,2278
1996-12-18,0
1996-12-25,6880
1997-01-01,0
1997-01-08,-2555
1997-01-15,0
1997-01-22,-8236
1997-01-29,0
1997-02-05,-247
1997-02-12,0
1997-02-19,2935
1997-02-26,0
1997-03-05,436
1997-03-12,0
1997-03-19,356
1997-03-26,0
1997-04-02,3129
1997-04-09,0
1997-04-16,878
1997-04-23,0
1997-04-30,-850
1997-05-07,0
1997-05-14,1018
1997-05-21,0
1997-05-28,3596
1997-06-04,0
1997-06-11,-935
1997-06-18,0
1997-06-25,2306
1997-07-02,0
1997-07-09,4349
1997-07-16,0
1997-07-23,-4352
1997-07-30,0
1997-08-06,2288
1997-08-13,0
1997-08-20,970
1997-08-27,0
1997-09-03,3100
1997-09-10,0
1997-09-17,-3280
1997-09-24,0
1997-10-01,991
1997-10-08,0
1997-10-15,3025
1997-10-22,0
1997-10-29,971
1997-11-05,0
1997-11-12,4494
1997-11-19,0
1997-11-26,4734
1997-12-03,0
1997-12-10,616
1997-12-17,0
1997-12-24,9204
1997-12-31,0
1998-01-07,-1411
1998-01-14,0
1998-01-21,-9943
1998-01-28,0
1998-02-04,-886
1998-02-11,0
1998-02-18,3914
1998-02-25,0
1998-03-04,919
1998-03-11,0
1998-03-18,-85
1998-03-25,0
1998-04-01,1464
1998-04-08,0
1998-04-15,3667
1998-04-22,0
1998-04-29,-2728
1998-05-06,0
1998-05-13,1104
1998-05-20,0
1998-05-27,3508
1998-06-03,0
1998-06-10,-56
1998-06-17,0
1998-06-24,1041
1998-07-01,0
1998-07-08,4602
1998-07-15,0
1998-07-22,-1799
1998-07-29,0
1998-08-05,3535
1998-08-12,0
1998-08-19,-1421
1998-08-26,0
1998-09-02,4378
1998-09-09,0
1998-09-16,309
1998-09-23,0
1998-09-30,1657
1998-10-07,0
1998-10-14,2904
1998-10-21,0
1998-10-28,1086
1998-11-04,0
1998-11-11,3082
1998-11-18,0
1998-11-25,4335
1998-12-02,0
1998-12-09,1750
1998-12-16,0
1998-12-23,6998
1998-12-30,0
1999-01-06,1586
1999-01-13,0
1999-01-20,-6215
1999-01-27,0
1999-02-03,-1670
1999-02-10,0
1999-02-17,3421
1999-02-24,0
1999-03-03,2645
1999-03-10,0
1999-03-17,876
1999-03-24,0
1999-03-31,2406
1999-04-07,0
1999-04-14,1750
1999-04-21,0
1999-04-28,2238
1999-05-05,0
1999-05-12,2402
1999-05-19,0
1999-05-26,3771
1999-06-02,0
1999-06-09,858
1999-06-16,0
1999-06-23,-221
1999-06-30,0
1999-07-07,5121
1999-07-14,0
1999-07-21,-844
1999-07-28,0
1999-08-04,2100
1999-08-11,0
1999-08-18,348
1999-08-25,0
1999-09-01,4153
1999-09-08,0
1999-09-15,2208
1999-09-22,0
1999-09-29,1406
1999-10-06,0
1999-10-13,5730
1999-10-20,0
1999-10-27,4497
1999-11-03,0
1999-11-10,10270
1999-11-17,0
1999-11-24,11169
1999-12-01,0
1999-12-08,10800
1999-12-15,0
1999-12-22,22717
1999-12-29,0
2000-01-05,3238
2000-01-12,0
2000-01-19,-37929
2000-01-26,0
2000-02-02,-10878
2000-02-09,0
2000-02-16,352
2000-02-23,0
2000-03-01,-1327
2000-03-08,0
2000-03-15,-193
2000-03-22,0
2000-03-29,557
2000-04-05,0
2000-04-12,1168
2000-04-19,0
2000-04-26,447
2000-05-03,0
2000-05-10,998
2000-05-17,0
2000-05-24,1304
2000-05-31,0
2000-06-07,1064
2000-06-14,0
2000-06-21,-1586
2000-06-28,0
2000-07-05,5612
2000-07-12,0
2000-07-19,-3768
2000-07-26,0
2000-08-02,457
2000-08-09,0
2000-08-16,-226
2000-08-23,0
2000-08-30,1691
2000-09-06,0
2000-09-13,-685
2000-09-20,0
2000-09-27,-936
2000-10-04,0
2000-10-11,2954
2000-10-18,0
2000-10-25,-744
2000-11-01,0
2000-11-08,2615
2000-11-15,0
2000-11-22,5040
2000-11-29,0
2000-12-06,860
2000-12-13,0
2000-12-20,6799
2000-12-27,0
2001-01-03,4968
2001-01-10,0
2001-01-17,-8569
2001-01-24,0
2001-01-31,-4479
2001-02-07,0
2001-02-14,4068
2001-02-21,0
2001-02-28,1547
2001-03-07,0
2001-03-14,848
2001-03-21,0
2001-03-28,1237
2001-04-04,0
2001-04-11,1401
2001-04-18,0
2001-04-25,946
2001-05-02,0
2001-05-09,1612
2001-05-16,0
2001-05-23,3950
2001-05-30,0
2001-06-06,576
2001-06-13,0
2001-06-20,-221
2001-06-27,0
2001-07-04,6021
2001-07-11,0
2001-07-18,1487
2001-07-25,0
2001-08-01,3125
2001-08-08,0
2001-08-15,2435
2001-08-22,0
2001-08-29,5473
2001-09-05,0
2001-09-12,40472
2001-09-19,0
2001-09-26,-36664
2001-10-03,0
2001-10-10,3678
2001-10-17,0
2001-10-24,2400
2001-10-31,0
2001-11-07,-1044
2001-11-14,0
2001-11-21,6822
2001-11-28,0
2001-12-05,683
2001-12-12,0
2001-12-19,10636
2001-12-26,0
2002-01-02,6007
2002-01-09,0
2002-01-16,-7751
2002-01-23,0
2002-01-30,-2592
2002-02-06,0
2002-02-13,5684
2002-02-20,0
2002-02-27,2050
2002-03-06,0
2002-03-13,622
2002-03-20,0
2002-03-27,3194
2002-04-03,0
2002-04-10,2118
2002-04-17,0
2002-04-24,826
2002-05-01,0
2002-05-08,1475
2002-05-15,0
2002-05-22,5869
2002-05-29,0
2002-06-05,1056
2002-06-12,0
2002-06-19,957
2002-06-26,0
2002-07-03,6830
2002-07-10,0
2002-07-17,-1266
2002-07-24,0
2002-07-31,-445
2002-08-07,0
2002-08-14,-64
2002-08-21,0
2002-08-28,3899
2002-09-04,0
2002-09-11,-1928
2002-09-18,0
2002-09-25,-809
2002-10-02,0
2002-10-09,1622
2002-10-16,0
2002-10-23,1221
2002-10-30,0
2002-11-06,2842
2002-11-13,0
2002-11-20,4695
2002-11-27,0
2002-12-04,4941
2002-12-11,0
2002-12-18,5082
2002-12-25,0
2003-01-01,4966
2003-01-08,0
2003-01-15,-6837
2003-01-22,0
2003-01-29,-2375
2003-02-05,0
2003-02-12,4932
2003-02-19,0
2003-02-26,3405
2003-03-05,0
2003-03-12,123
2003-03-19,0
2003-03-26,2627
2003-04-02,0
2003-04-09,1701
2003-04-16,0
2003-04-23,2283
2003-04-30,0
2003-05-07,-73
2003-05-14,0
2003-05-21,5572
2003-05-28,0
2003-06-04,-1592
2003-06-11,0
2003-06-18,-933
2003-06-25,0
2003-07-02,4680
2003-07-09,0
2003-07-16,-1135
2003-07-23,0
2003-07-30,-456
2003-08-06,0
2003-08-13,3953
2003-08-20,0
2003-08-27,2223
2003-09-03,0
2003-09-10,-2659
2003-09-17,0
2003-09-24,769
2003-10-01,0
2003-10-08,1114
2003-10-15,0
2003-10-22,4727
2003-10-29,0
2003-11-05,98
2003-11-12,0
2003-11-19,4853
2003-11-26,0
2003-12-03,4155
2003-12-10,0
2003-12-17,2774
2003-12-24,0
2003-12-31,5977
2004-01-07,0
2004-01-14,-9903
2004-01-21,0
2004-01-28,-2557
2004-02-04,0
2004-02-11,2613
2004-02-18,0
2004-02-25,1488
2004-03-03,0
2004-03-10,50
2004-03-17,0
2004-03-24,363
2004-03-31,0
2004-04-07,2683
2004-04-14,0
2004-04-21,2844
2004-04-28,0
2004-05-05,350
2004-05-12,0
2004-05-19,2274
2004-05-26,0
2004-06-02,4866
2004-06-09,0
2004-06-16,-1486
2004-06-23,0
2004-06-30,7443
2004-07-07,0
2004-07-14,1972
2004-07-21,0
2004-07-28,-560
2004-08-04,0
2004-08-11,-1964
2004-08-18,0
2004-08-25,3629
2004-09-01,0
2004-09-08,3904
2004-09-15,0
2004-09-22,-1180
2004-09-29,0
2004-10-06,433
2004-10-13,0
2004-10-20,2392
2004-10-27,0
2004-11-03,2290
2004-11-10,0
2004-11-17,4235
2004-11-24,0
2004-12-01,3978
2004-12-08,0
2004-12-15,-886
2004-12-22,0
2004-12-29,6370
2005-01-05,0
2005-01-12,-6985
2005-01-19,0
2005-01-26,1316
2005-02-02,0
2005-02-09,-4177
2005-02-16,0
2005-02-23,4337
2005-03-02,0
2005-03-09,-2550
2005-03-16,0
2005-03-23,1621
2005-03-30,0
2005-04-06,617
2005-04-13,0
2005-04-20,1751
2005-04-27,0
2005-05-04,-2052
2005-05-11,0
2005-05-18,1161
2005-05-25,0
2005-06-01,5985
2005-06-08,0
2005-06-15,-2652
2005-06-22,0
2005-06-29,3824
2005-07-06,0
2005-07-13,-200
2005-07-20,0
2005-07-27,716
2005-08-03,0
2005-08-10,-1314
2005-08-17,0
2005-08-24,1397
2005-08-31,0
2005-09-07,4316
2005-09-14,0
2005-09-21,573
2005-09-28,0
2005-10-05,-659
2005-10-12,0
2005-10-19,-875
2005-10-26,0
2005-11-02,971
2005-11-09,0
2005-11-16,7284
2005-11-23,0
2005-11-30,2919
2005-12-07,0
2005-12-14,1511
2005-12-21,0
2005-12-28,12585
2006-01-04,0
2006-01-11,-7942
2006-01-18,0
2006-01-25,-2149
2006-02-01,0
2006-02-08,695
2006-02-15,0
2006-02-22,4922
2006-03-01,0
2006-03-08,3167
2006-03-15,0
2006-03-22,-551
2006-03-29,0
2006-04-05,-2337
2006-04-12,0
2006-04-19,1986
2006-04-26,0
2006-05-03,1527
2006-05-10,0
2006-05-17,579
2006-05-24,0
2006-05-31,3809
2006-06-07,0
2006-06-14,-5070
2006-06-21,0
2006-06-28,1855
2006-07-05,0
2006-07-12,-448
2006-07-19,0
2006-07-26,-1552
2006-08-02,0
2006-08-09,-1460
2006-08-16,0
2006-08-23,1075
2006-08-30,0
2006-09-06,2410
2006-09-13,0
2006-09-20,-3849
2006-09-27,0
2006-10-04,753
2006-10-11,0
2006-10-18,58
2006-10-25,0
2006-11-01,2020
2006-11-08,0
2006-11-15,4676
2006-11-22,0
2006-11-29,7004
2006-12-06,0
2006-12-13,-1239
2006-12-20,0
2006-12-27,12856
2007-01-03,0
2007-01-10,-9988
2007-01-17,0
2007-01-24,-6170
2007-01-31,0
2007-02-07,-1285
2007-02-14,0
2007-02-21,5403
2007-02-28,0
2007-03-07,-1502
2007-03-14,0
2007-03-21,-940
2007-03-28,0
2007-04-04,1918
2007-04-11,0
2007-04-18,778
2007-04-25,0
2007-05-02,1583
2007-05-09,0
2007-05-16,-327
2007-05-23,0
2007-05-30,5220
2007-06-06,0
2007-06-13,-3790
2007-06-20,0
2007-06-27,2144
2007-07-04,0
2007-07-11,1959
2007-07-18,0
2007-07-25,-1427
2007-08-01,0
2007-08-08,5767
2007-08-15,0
2007-08-22,-8730
2007-08-29,0
2007-09-05,2554
2007-09-12,0
2007-09-19,-1893
2007-09-26,0
2007-10-03,4509
2007-10-10,0
2007-10-17,-3041
2007-10-24,0
2007-10-31,2347
2007-11-07,0
2007-11-14,5520
2007-11-21,0
2007-11-28,695
2007-12-05,0
2007-12-12,-4015
2007-12-19,0
2007-12-26,11546
2008-01-02,0
2008-01-09,-10916
2008-01-16,0
2008-01-23,-5726
2008-01-30,0
2008-02-06,-203
2008-02-13,0
2008-02-20,5024
2008-02-27,0
2008-03-05,-300
2008-03-12,0
2008-03-19,3166
2008-03-26,0
2008-04-02,-2737
2008-04-09,0
2008-04-16,-2656
2008-04-23,0
2008-04-30,704
2008-05-07,0
2008-05-14,2642
2008-05-21,0
2008-05-28,8224
2008-06-04,0
2008-06-11,-3206
2008-06-18,0
2008-06-25,5277
2008-07-02,0
2008-07-09,4368
2008-07-16,0
2008-07-23,28
2008-07-30,0
2008-08-06,134
2008-08-13,0
2008-08-20,-759
2008-08-27,0
2008-09-03,4840
2008-09-10,0
2008-09-17,64664
2008-09-24,0
2008-10-01,75262
2008-10-08,0
2008-10-15,159664
2008-10-22,0
2008-10-29,91280
2008-11-05,0
2008-11-12,241392
2008-11-19,0
2008-11-26,-3555
2008-12-03,0
2008-12-10,186746
2008-12-17,0
2008-12-24,38660
2008-12-31,0
2009-01-07,48094
2009-01-14,0
2009-01-21,-43978
2009-01-28,0
2009-02-04,-181872
2009-02-11,0
2009-02-18,64560
2009-02-25,0
2009-03-04,-50214
2009-03-11,0
2009-03-18,150905
2009-03-25,0
2009-04-01,39884
2009-04-08,0
2009-04-15,56861
2009-04-22,0
2009-04-29,-80509
2009-05-06,0
2009-05-13,96004
2009-05-20,0
2009-05-27,-32937
2009-06-03,0
2009-06-10,-49720
2009-06-17,0
2009-06-24,-101502
2009-07-01,0
2009-07-08,61003
2009-07-15,0
2009-07-22,-9929
2009-07-29,0
2009-08-05,-23652
2009-08-12,0
2009-08-19,95805
2009-08-26,0
2009-09-02,21194
2009-09-09,0
2009-09-16,29946
2009-09-23,0
2009-09-30,62436
2009-10-07,0
2009-10-14,69811
2009-10-21,0
2009-10-28,75175
2009-11-04,0
2009-11-11,-13063
2009-11-18,0
2009-11-25,82316
2009-12-02,0
2009-12-09,-35418
2009-12-16,0
2009-12-23,-22626
2009-12-30,0
2010-01-06,-60605
2010-01-13,0
2010-01-20,59501
2010-01-27,0
2010-02-03,52746
2010-02-10,0
2010-02-17,82830
2010-02-24,0
2010-03-03,-27436
2010-03-10,0
2010-03-17,-59146
2010-03-24,0
2010-03-31,-7040
2010-04-07,0
2010-04-14,-35988
2010-04-21,0
2010-04-28,-43405
2010-05-05,0
2010-05-12,43728
2010-05-19,0
2010-05-26,-32
2010-06-02,0
2010-06-09,-11786
2010-06-16,0
2010-06-23,-12711
2010-06-30,0
2010-07-07,7269
2010-07-14,0
2010-07-21,-16225
2010-07-28,0
2010-08-04,10944
2010-08-11,0
2010-08-18,-2452
2010-08-25,0
2010-09-01,-8319
2010-09-08,0
2010-09-15,-30790
2010-09-22,0
2010-09-29,-8546
2010-10-06,0
2010-10-13,20216
2010-10-20,0
2010-10-27,-3754
2010-11-03,0
2010-11-10,123
2010-11-17,0
2010-11-24,22656
2010-12-01,0
2010-12-08,45964
2010-12-15,0
2010-12-22,-27660
2010-12-29,0
2011-01-05,12476
2011-01-12,0
2011-01-19,37652
2011-01-26,0
2011-02-02,50038
2011-02-09,0
2011-02-16,135142
2011-02-23,0
2011-03-02,86476
2011-03-09,0
2011-03-16,71846
2011-03-23,0
2011-03-30,70775
2011-04-06,0
2011-04-13,48292
2011-04-20,0
2011-04-27,-32275
2011-05-04,0
2011-05-11,67124
2011-05-18,0
2011-05-25,57246
2011-06-01,0
2011-06-08,57540
2011-06-15,0
2011-06-22,-36888
2011-06-29,0
2011-07-06,68521
2011-07-13,0
2011-07-20,-22382
2011-07-27,0
2011-08-03,-3576
2011-08-10,0
2011-08-17,-23338
2011-08-24,0
2011-08-31,5258
2011-09-07,0
2011-09-14,-20146
2011-09-21,0
2011-09-28,-3652
2011-10-05,0
2011-10-12,28318
2011-10-19,0
2011-10-26,-42408
2011-11-02,0
2011-11-09,17143
2011-11-16,0
2011-11-23,-57670
2011-11-30,0
2011-12-07,63600
2011-12-14,0
2011-12-21,-44848
2011-12-28,0
2012-01-04,49335
2012-01-11,0
2012-01-18,-13580
2012-01-25,0
2012-02-01,29104
2012-02-08,0
2012-02-15,55790
2012-02-22,0
2012-02-29,-22347
2012-03-07,0
2012-03-14,-43863
2012-03-21,0
2012-03-28,-11415
2012-04-04,0
2012-04-11,21823
2012-04-18,0
2012-04-25,-41614
2012-05-02,0
2012-05-09,-13492
2012-05-16,0
2012-05-23,21807
2012-05-30,0
2012-06-06,23434
2012-06-13,0
2012-06-20,-60601
2012-06-27,0
2012-07-04,35556
2012-07-11,0
2012-07-18,31506
2012-07-25,0
2012-08-01,15139
2012-08-08,0
2012-08-15,-21063
2012-08-22,0
2012-08-29,-16406
2012-09-05,0
2012-09-12,-28188
2012-09-19,0
2012-09-26,-41649
2012-10-03,0
2012-10-10,48554
2012-10-17,0
2012-10-24,9048
2012-10-31,0
2012-11-07,21741
2012-11-14,0
2012-11-21,3032
2012-11-28,0
2012-12-05,30226
2012-12-12,0
2012-12-19,-5958
2012-12-26,0
2013-01-02,19603
2013-01-09,0
2013-01-16,51723
2013-01-23,0
2013-01-30,57955
2013-02-06,0
2013-02-13,41230
2013-02-20,0
2013-02-27,45845
2013-03-06,0
2013-03-13,45238
2013-03-20,0
2013-03-27,33031
2013-04-03,0
2013-04-10,63260
2013-04-17,0
2013-04-24,-23767
2013-05-01,0
2013-05-08,64622
2013-05-15,0
2013-05-22,89490
2013-05-29,0
2013-06-05,55979
2013-06-12,0
2013-06-19,-37136
2013-06-26,0
2013-07-03,68012
2013-07-10,0
2013-07-17,43372
2013-07-24,0
2013-07-31,70657
2013-08-07,0
2013-08-14,23513
2013-08-21,0
2013-08-28,65521
2013-09-04,0
2013-09-11,37277
2013-09-18,0
2013-09-25,14972
2013-10-02,0
2013-10-09,77704
2013-10-16,0
2013-10-23,29121
2013-10-30,0
2013-11-06,57641
2013-11-13,0
2013-11-20,26029
2013-11-27,0
2013-12-04,44736
2013-12-11,0
2013-12-18,-5593
2013-12-25,0
2014-01-01,-77738
2014-01-08,0
2014-01-15,100334
2014-01-22,0
2014-01-29,4366
2014-02-05,0
2014-02-12,82089
2014-02-19,0
2014-02-26,26290
2014-03-05,0
2014-03-12,45246
2014-03-19,0
2014-03-26,-46303
2014-04-02,0
2014-04-09,110320
2014-04-16,0
2014-04-23,-79456
2014-04-30,0
2014-05-07,-7492
2014-05-14,0
2014-05-21,33253
2014-05-28,0
2014-06-04,52918
2014-06-11,0
2014-06-18,-23523
2014-06-25,0
2014-07-02,-64499
2014-07-09,0
2014-07-16,114272
2014-07-23,0
2014-07-30,83974
2014-08-06,0
2014-08-13,-8384
2014-08-20,0
2014-08-27,-7785
2014-09-03,0
2014-09-10,15051
2014-09-17,0
2014-09-24,-75579
2014-10-01,0
2014-10-08,57183
2014-10-15,0
2014-10-22,-109035
2014-10-29,0
2014-11-05,-84887
2014-11-12,0
2014-11-19,-55316
2014-11-26,0
2014-12-03,-56346
2014-12-10,0
2014-12-17,302700
2014-12-24,0
2014-12-31,-133142
2015-01-07,0
2015-01-14,140944
2015-01-21,0
2015-01-28,-65216
2015-02-04,0
2015-02-11,-165501
2015-02-18,0
2015-02-25,-62800
2015-03-04,0
2015-03-11,314469
2015-03-18,0
2015-03-25,-47000
2015-04-01,0
2015-04-08,86553
2015-04-15,0
2015-04-22,-134721
2015-04-29,0
2015-05-06,-25557
2015-05-13,0
2015-05-20,-30934
2015-05-27,0
2015-06-03,-22165
2015-06-10,0
2015-06-17,23464
2015-06-24,0
2015-07-01,-65441
2015-07-08,0
2015-07-15,120855
2015-07-22,0
2015-07-29,-12288
2015-08-05,0
2015-08-12,-64449
2015-08-19,0
2015-08-26,140503
2015-09-02,0
2015-09-09,39762
2015-09-16,0
2015-09-23,-146493
2015-09-30,0
2015-10-07,102665
2015-10-14,0
2015-10-21,11953
2015-10-28,0
2015-11-04,-18174
2015-11-11,0
2015-11-18,-49778
2015-11-25,0
2015-12-02,-67204
2015-12-09,0
2015-12-16,-45744
2015-12-23,0
2015-12-30,-248760
2016-01-06,0
2016-01-13,216338
2016-01-20,0
2016-01-27,-55543
2016-02-03,0
2016-02-10,81868
2016-02-17,0
2016-02-24,782
2016-03-02,0
2016-03-09,62650
2016-03-16,0
2016-03-23,-88127
2016-03-30,0
2016-04-06,32687
2016-04-13,0
2016-04-20,-21358
2016-04-27,0
2016-05-04,-35785
2016-05-11,0
2016-05-18,-5245
2016-05-25,0
2016-06-01,43580
2016-06-08,0
2016-06-15,-7843
2016-06-22,0
2016-06-29,-144789
2016-07-06,0
2016-07-13,65716
2016-07-20,0
2016-07-27,6669
2016-08-03,0
2016-08-10,36938
2016-08-17,0
2016-08-24,-13737
2016-08-31,0
2016-09-07,30356
2016-09-14,0
2016-09-21,-186466
2016-09-28,0
2016-10-05,-116795
2016-10-12,0
2016-10-19,41148
2016-10-26,0
2016-11-02,43714
2016-11-09,0
2016-11-16,15668
2016-11-23,0
2016-11-30,-25378
2016-12-07,0
2016-12-14,-35969
2016-12-21,0
2016-12-28,-172365
2017-01-04,0
2017-01-11,205821
2017-01-18,0
2017-01-25,22682
2017-02-01,0
2017-02-08,103160
2017-02-15,0
2017-02-22,25308
2017-03-01,0
2017-03-08,115482
2017-03-15,0
2017-03-22,-35980
2017-03-29,0
2017-04-05,-8521
2017-04-12,0
2017-04-19,-2995
2017-04-26,0
2017-05-03,-83530
2017-05-10,0
2017-05-17,31185
2017-05-24,0
2017-05-31,22942
2017-06-07,0
2017-06-14,-5294
2017-06-21,0
2017-06-28,-117984
2017-07-05,0
2017-07-12,121918
2017-07-19,0
2017-07-26,36735
2017-08-02,0
2017-08-09,62260
2017-08-16,0
2017-08-23,28524
2017-08-30,0
2017-09-06,11424
2017-09-13,0
2017-09-20,-107757
2017-09-27,0
2017-10-04,-42641
2017-10-11,0
2017-10-18,57110
2017-10-25,0
2017-11-01,18835
2017-11-08,0
2017-11-15,65633
2017-11-22,0
2017-11-29,-21599
2017-12-06,0
2017-12-13,4708
2017-12-20,0
2017-12-27,-175362
2018-01-03,0
2018-01-10,115270.0
2018-01-17,0.0
2018-01-24,-39997.0
2018-01-31,0.0
2018-02-07,46711.0
2018-02-14,0.0
2018-02-21,-11343.0
2018-02-28,0.0
2018-03-07,10411.0
2018-03-14,0.0
2018-03-21,-106640.0
2018-03-28,0.0
2018-04-04,-7319.0
2018-04-11,0.0
2018-04-18,-7777.0
2018-04-25,0.0
2018-05-02,-82755.0
2018-05-09,0.0
2018-05-16,26125.0
2018-05-23,0.0
2018-05-30,3524.0
2018-06-06,0.0
2018-06-13,-9453.0
2018-06-20,0.0
2018-06-27,-80719.0
2018-07-04,0.0
2018-07-11,38208.0
2018-07-18,0.0
2018-07-25,-23340.0
2018-08-01,0.0
2018-08-08,-2526.0
2018-08-15,0.0
2018-08-22,-48545.0
2018-08-29,0.0
2018-09-05,35654.0
2018-09-12,0.0
2018-09-19,-53245.0
2018-09-26,0.0
2018-10-03,-18433.0
2018-10-10,0.0
2018-10-17,3449.0
2018-10-24,0.0
2018-10-31,-17840.0
2018-11-07,0.0
2018-11-14,-26747.0
2018-11-21,0.0
2018-11-28,-37759.0
2018-12-05,0.0
2018-12-12,-20971.0
2018-12-19,0.0
2018-12-26,-65416.0
2019-01-02,0.0
2019-01-09,11091.0
2019-01-16,0.0
2019-01-23,-44959.0
2019-01-30,0.0
2019-02-06,30589.0
2019-02-13,0.0
2019-02-20,-6487.0
2019-02-27,0.0
2019-03-06,82605.0
2019-03-13,0.0
2019-03-20,-82907.0
2019-03-27,0.0
2019-04-03,-3988.0
2019-04-10,0.0
2019-04-17,-61163.0
2019-04-24,0.0
2019-05-01,-78946.0
2019-05-08,0.0
2019-05-15,42775.0
2019-05-22,0.0
2019-05-29,33129.0
2019-06-05,0.0
2019-06-12,35542.0
2019-06-19,0.0
2019-06-26,-92190.0
2019-07-03,0.0
2019-07-10,34521.0
2019-07-17,0.0
2019-07-24,14999.0
2019-07-31,0.0
2019-08-07,20805.0
2019-08-14,0.0
2019-08-21,-34956.0
2019-08-28,0.0
2019-09-04,-22110.0
2019-09-11,0.0
2019-09-18,-76595.0
2019-09-25,0.0
2019-10-02,93347.0
2019-10-09,0.0
2019-10-16,-16520.0
2019-10-23,0.0
2019-10-30,47112.0
2019-11-06,0.0
2019-11-13,28750.0
2019-11-20,0.0
2019-11-27,28758.0
2019-12-04,0.0
2019-12-11,101368.0
2019-12-18,0.0
2019-12-25,-5431.0
2020-01-01,0.0
2020-01-08,35170.0
2020-01-15,0.0
2020-01-22,-59110.0
2020-01-29,0.0
2020-02-05,41328.0
2020-02-12,0.0
2020-02-19,-14964.0
2020-02-26,0.0
2020-03-04,91619.0
2020-03-11,0.0
2020-03-18,354267.0
2020-03-25,0.0
2020-04-01,641404.0
2020-04-08,0.0
